Kernel name,start,end,duration
1053,27571598,27574606,3008
1019,27910418,28120820,210402
1020,28122356,30126025,2003669
1059,30127529,30133481,5952
1061,30134857,30345772,210915
1023,30347147,31524216,1177069
1020,31525944,32865639,1339695
1024,32867046,33020552,153506
1020,33022024,41951335,8929311
1064,41816518,41819526,3008
1064,41825926,41827942,2016
1064,41829414,41831334,1920
1064,41844326,41846982,2656
1067,41848998,41852326,3328
1064,41853798,41855751,1953
1064,41861703,41863654,1951
1064,41865191,41867111,1920
1064,41879975,41882535,2560
1067,41884135,41887559,3424
1064,41889191,41891143,1952
1064,41897799,41899751,1952
1064,41901191,41903143,1952
1064,41916679,41919239,2560
1067,41920871,41924135,3264
1064,41925735,41927687,1952
1064,41934759,41936679,1920
1064,41938119,41940007,1888
1064,41952423,41955495,3072
1025,41953063,42373836,420773
1067,42368140,42373324,5184
1026,42375180,46874556,4499376
1069,46425143,46428439,3296
1071,46441208,46445528,4320
1024,46876028,47028766,152738
1020,47030238,49034195,2003957
1059,49035891,49041779,5888
1061,49043219,49254453,211234
1023,49255798,50426114,1170316
1020,50427842,51767568,1339726
1024,51768912,51922578,153666
1020,51924274,60853554,8929280
1025,60854930,61276246,421316
1026,61277686,65777190,4499504
1024,65778790,65931208,152418
1020,65932808,67937214,2004406
1059,67938654,67944542,5888
1061,67946045,68156320,210275
1023,68157728,69330988,1173260
1020,69332364,70672411,1340047
1024,70674139,70827292,153153
1020,70828892,79756380,8927488
1025,79757724,80179424,421700
1026,80180800,84680784,4499984
1024,84682128,84834322,152194
1020,84835858,86840423,2004565
1059,86841895,86848040,6145
1061,86849576,87059562,209986
1023,87061098,88242134,1181036
1020,88243606,89583045,1339439
1024,89584709,89737734,153025
1020,89739334,98667814,8928480
1025,98669414,99093226,423812
1026,99094634,103594650,4500016
1024,103595995,103747676,151681
1020,103749116,105752562,2003446
1059,105755090,105760978,5888
1061,105762418,105972596,210178
1023,105974228,107154977,1180749
1020,107156481,108496335,1339854
1024,108497679,108651793,154114
1020,108653297,117583280,8929983
1025,117584752,118006293,421541
1026,118007957,122508197,4500240
1024,122509637,122661926,152289
1020,122663878,124667740,2003862
1059,124669180,124675164,5984
1061,124676508,124886942,210434
1023,124888414,126057707,1169293
1020,126059499,127398969,1339470
1024,127400665,127553979,153314
1020,127556219,136484698,8928479
1025,136486042,136907071,421029
1026,136908447,141408751,4500304
1024,141410415,141562512,152097
1020,141564017,143567750,2003733
1059,143569350,143575302,5952
1061,143576742,143786792,210050
1023,143788200,144975317,1187117
1020,144977077,146316771,1339694
1024,146318467,146471845,153378
1020,146473477,155402117,8928640
1025,155403780,155821385,417605
1026,155822665,160323417,4500752
1024,160324729,160477147,152418
1020,160478491,162482832,2004341
1059,162484336,162490288,5952
1061,162491664,162702802,211138
1023,162704275,163882687,1178412
1020,163884255,165224270,1340015
1024,165225933,165379247,153314
1020,165380719,174307343,8926624
1025,174308686,174729299,420613
1026,174730995,179231523,4500528
1024,179233379,179385765,152386
1020,179387141,181391162,2004021
1059,181392602,181398522,5920
1061,181399899,181610173,210274
1023,181611773,182791561,1179788
1020,182792937,184132984,1340047
1024,184134328,184287577,153249
1020,184289241,193218073,8928832
1025,193219577,193640701,421124
1026,193642206,198142286,4500080
1024,198143854,198296719,152865
1020,198298031,200302949,2004918
1059,200304261,200310181,5920
1061,200311589,200521768,210179
1023,200523143,201699988,1176845
1020,201701748,203041538,1339790
1024,203043074,203195940,152866
1020,203197348,212122820,8925472
1025,212124516,212545832,421316
1026,212547464,217047577,4500113
1024,217049049,217201690,152641
1020,217203386,219207152,2003766
1059,219208464,219214480,6016
1061,219215856,219426386,210530
1023,219427826,220605343,1177517
1020,220606911,221946477,1339566
1024,221947885,222100815,152930
1020,222102319,231030191,8927872
1025,231031694,231453939,422245
1026,231455379,235955331,4499952
1024,235956995,236110053,153058
1020,236111749,238116026,2004277
1059,238117498,238123419,5921
1061,238124826,238335517,210691
1023,238336893,239499177,1162284
1020,239500937,240840600,1339663
1024,240842136,240994553,152417
1020,240996186,249923353,8927167
1025,249924985,250347102,422117
1026,250348797,254848974,4500177
1024,254850702,255003344,152642
1020,255004687,257009093,2004406
1059,257010789,257016709,5920
1061,257018117,257228327,210210
1023,257229799,258398740,1168941
1020,258400468,259740706,1340238
1024,259742402,259894436,152034
1020,259895844,268825156,8929312
1025,268826596,269248360,421764
1026,269249992,273749945,4499953
1024,273751417,273905050,153633
1020,273906490,275910896,2004406
1059,275912368,275918288,5920
1061,275919760,276130258,210498
1023,276131922,277304831,1172909
1020,277306495,278646765,1340270
1024,278648077,278800655,152578
1020,278801999,287730958,8928959
1025,287732590,288153875,421285
1026,288155219,292654979,4499760
1024,292656323,292809317,152994
1020,292810693,294815162,2004469
1059,294816634,294822651,6017
1061,294824059,295034461,210402
1023,295036157,296215082,1178925
1020,296216873,297556152,1339279
1024,297557496,297709850,152354
1020,297711513,306638617,8927104
1025,306640057,307059646,419589
1026,307061022,311561582,4500560
1024,311562958,311716784,153826
1020,311718224,313722373,2004149
1059,313723973,313729925,5952
1061,313731301,313941608,210307
1023,313943303,315119988,1176685
1020,315121716,316461698,1339982
1024,316463203,316615620,152417
1020,316616900,325546084,8929184
1025,325547460,325970633,423173
1026,325972328,330472249,4499921
1024,330473593,330626043,152450
1020,330627706,332631856,2004150
1059,332633200,332639248,6048
1061,332640944,332851058,210114
1023,332852370,334026719,1174349
1020,334028287,335367981,1339694
1024,335369421,335522671,153250
1020,335524079,344451791,8927712
1025,344453231,344874963,421732
1026,344876467,349376739,4500272
1024,349378243,349530725,152482
1020,349532069,351536058,2003989
1059,351537435,351543483,6048
1061,351544795,351754909,210114
1023,351756349,352936586,1180237
1020,352938346,354278488,1340142
1024,354279928,354433786,153858
1020,354435226,363362713,8927487
1025,363364153,363784126,419973
1026,363785502,368285262,4499760
1024,368286958,368438544,151586
1020,368439984,370444421,2004437
1059,370446053,370452070,6017
1061,370453413,370663815,210402
1023,370665352,371836820,1171468
1020,371838324,373178242,1339918
1024,373179682,373332836,153154
1020,373334244,382263076,8928832
1025,382264388,382683752,419364
1026,382685352,387186041,4500689
1024,387187417,387339099,151682
1020,387340827,389344720,2003893
1059,389346768,389352656,5888
1061,389354096,389564562,210466
1023,389565906,390739295,1173389
1020,390740895,392081229,1340334
1024,392082605,392235503,152898
1020,392236975,401164207,8927232
1025,401165647,401586739,421092
1026,401588147,406088003,4499856
1024,406089380,406241349,151969
1020,406242661,408247067,2004406
1059,408248602,408254555,5953
1061,408255931,408466013,210082
1023,408467325,409634697,1167372
1020,409636074,410976184,1340110
1024,410977592,411130713,153121
1020,411132153,420060409,8928256
1025,420061881,420482174,420293
1026,420484190,424984398,4500208
1024,424986158,425138160,152002
1020,425140368,427144069,2003701
1059,427145765,427151653,5888
1061,427153093,427362952,209859
1023,427364616,428546068,1181452
1020,428547508,429887555,1340047
1024,429888963,430041604,152641
1020,430042980,438972452,8929472
1025,438974116,439395688,421572
1026,439397161,443897305,4500144
1024,443898937,444051131,152194
1020,444052763,446057104,2004341
1059,446058512,446064464,5952
1061,446065904,446276915,211011
1023,446278258,447452159,1173901
1020,447453919,448793710,1339791
1024,448795213,448948591,153378
1020,448949999,457880431,8930432
1025,457881903,458303795,421892
1026,458305491,462805636,4500145
1024,462806979,462960037,153058
1020,462961349,464965115,2003766
1059,464966491,464972571,6080
1061,464974267,465184893,210626
1023,465186333,466368042,1181709
1020,466369770,467709496,1339726
1024,467711160,467866042,154882
1020,467867450,476796410,8928960
1025,476797722,477218270,420548
1026,477219582,481719759,4500177
1024,481721391,481875152,153761
1020,481876560,483880678,2004118
1059,483882214,483888134,5920
1061,483889542,484099848,210306
1023,484101544,485265781,1164237
1020,485267188,486607139,1339951
1024,486608579,486760549,151970
1020,486762244,495691044,8928800
1025,495692708,496116361,423653
1026,496117737,500618041,4500304
1024,500619705,500773371,153666
1020,500774843,502780176,2005333
1059,502781872,502787760,5888
1061,502789200,502999347,210147
1023,503001010,504170655,1169645
1020,504172159,505512206,1340047
1024,505513997,505667023,153026
1020,505668367,514595695,8927328
1025,514597327,515015379,418052
1026,515017556,519517572,4500016
1024,519519203,519672165,152962
1020,519673734,521677723,2003989
1059,521679035,521685083,6048
1061,521686459,521896221,209762
1023,521897917,523069802,1171885
1020,523071594,524411256,1339662
1024,524412888,524566010,153122
1020,524567450,533494105,8926655
1025,533495705,533916990,421285
1026,533918270,538418062,4499792
1024,538419758,538572944,153186
1020,538574256,540578469,2004213
1059,540580134,540586054,5920
1061,540587494,540798088,210594
1023,540799432,541971797,1172365
1020,541973524,543313667,1340143
1024,543315363,543468420,153057
1020,543469892,552397220,8927328
1025,552398564,552820521,421957
1026,552821865,557321241,4499376
1024,557322841,557476091,153250
1020,557477627,559482096,2004469
1059,559484272,559490320,6048
1061,559491984,559702098,210114
1023,559703698,560876031,1172333
1020,560877503,562217742,1340239
1024,562219438,562372111,152673
1020,562373711,571299887,8926176
1025,571301551,571722387,420836
1026,571723987,576223844,4499857
1024,576225284,576378373,153089
1020,576379685,578383867,2004182
1059,578385563,578391579,6016
1061,578392891,578603101,210210
1023,578604413,579780490,1176077
1020,579782026,581121944,1339918
1024,581123640,581276122,152482
1020,581277786,590205146,8927360
1025,590206874,590627806,420932
1026,590629150,595128686,4499536
1024,595130350,595283184,152834
1020,595284816,597289958,2005142
1059,597291365,597297478,6113
1061,597299142,597509224,210082
1023,597510632,598687861,1177229
1020,598689236,600029411,1340175
1024,600031011,600184037,153026
1020,600185604,609114340,8928736
1025,609115780,609539593,423813
1026,609541225,614040825,4499600
1024,614042297,614196059,153762
1020,614197659,616202257,2004598
1059,616203888,616209840,5952
1061,616211280,616421715,210435
1023,616423091,617595199,1172108
1020,617596543,618935822,1339279
1024,618937262,619089775,152513
1020,619091183,628020495,8929312
1025,628021967,628444819,422852
1026,628446196,632948548,4502352
1027,632950180,633120998,170818
1028,633122342,633130438,8096
1029,633132134,633770349,638215
1030,633772045,633778157,6112
1073,633810669,633815821,5152
1075,633853710,634025200,171490
1077,634026863,634162609,135746
1079,634164401,634210033,45632
1081,634211410,634218450,7040
1083,634238738,634242194,3456
1085,634260370,634263826,3456
1053,634415027,634417972,2945
1042,634596630,634818744,222114
1020,634820376,636423369,1602993
1059,636425033,636431081,6048
1061,636432585,636591371,158786
1023,636592779,637498741,905962
1059,637500277,637505365,5088
1088,637506773,637517141,10368
1044,637518453,637569045,50592
1020,637570517,638642753,1072236
1045,638644481,638761986,117505
1020,638763298,645700205,6936907
1064,645566859,645569995,3136
1064,645578027,645580076,2049
1064,645581707,645583787,2080
1064,645597835,645600747,2912
1067,645602092,645605515,3423
1064,645606988,645609036,2048
1064,645617004,645619020,2016
1064,645621324,645623340,2016
1064,645636204,645639052,2848
1067,645640556,645644044,3488
1064,645645548,645647532,1984
1064,645655660,645657676,2016
1064,645660812,645662828,2016
1064,645676365,645679180,2815
1067,645681324,645684556,3232
1046,645701612,646019824,318212
1069,646012080,646016784,4704
1071,646030256,646033264,3008
1026,646030896,649630711,3599815
1045,649632279,649750840,118561
1020,649752152,651356041,1603889
1059,651357385,651363273,5888
1061,651364746,651522475,157729
1023,651523947,652413845,889898
1059,652415445,652420533,5088
1088,652422197,652432853,10656
1044,652434197,652486133,51936
1020,652487830,653559777,1071947
1045,653561153,653678690,117537
1020,653680322,660617613,6937291
1046,660618989,660936656,317667
1026,660938384,664538071,3599687
1045,664539703,664657976,118273
1020,664659384,666262793,1603409
1059,666264521,666270569,6048
1061,666272265,666430891,158626
1023,666432491,667334165,901674
1059,667335605,667340725,5120
1088,667342325,667352885,10560
1044,667354549,667405109,50560
1020,667406549,668478401,1071852
1045,668480161,668597538,117377
1020,668598850,675537261,6938411
1046,675538893,675856464,317571
1026,675857776,679457687,3599911
1045,679459382,679577624,118242
1020,679578936,681182601,1603665
1059,681184009,681190057,6048
1061,681191753,681349995,158242
1023,681351467,682240148,888681
1059,682241653,682247028,5375
1088,682248693,682259157,10464
1044,682260757,682313557,52800
1020,682315061,683386561,1071500
1045,683388129,683505250,117121
1020,683506882,690443980,6937098
1046,690445516,690764304,318788
1026,690765648,694366199,3600551
1045,694367639,694485560,117921
1020,694487128,696090057,1602929
1059,696091369,696097481,6112
1061,696099145,696256491,157346
1023,696258123,697157076,898953
1059,697158868,697164021,5153
1088,697165524,697175957,10433
1044,697177717,697229845,52128
1020,697231509,698302881,1071372
1045,698304481,698422818,118337
1020,698424418,705361132,6936714
1046,705362604,705681904,319300
1026,705683184,709283062,3599878
1045,709284790,709402680,117890
1020,709404152,711007593,1603441
1059,711009097,711014985,5888
1061,711016425,711174155,157730
1023,711175787,712073236,897449
1059,712074772,712079924,5152
1088,712081429,712091765,10336
1044,712093077,712146869,53792
1020,712148629,713220001,1071372
1045,713221697,713339362,117665
1020,713340962,720277484,6936522
1046,720279212,720598192,318980
1026,720599504,724198774,3599270
1045,724200086,724318360,118274
1020,724319800,725923113,1603313
1059,725924553,725930633,6080
1061,725931945,726090186,158241
1023,726091915,726985300,893385
1059,726987092,726992052,4960
1088,726993428,727003956,10528
1044,727005365,727056469,51104
1020,727058133,728129440,1071307
1045,728131105,728248130,117025
1020,728249762,735186316,6936554
1046,735187724,735505328,317604
1026,735506672,739106518,3599846
1045,739114774,739233304,118530
1020,739234744,740838633,1603889
1059,740840329,740846281,5952
1061,740847913,741006283,158370
1023,741007659,741916180,908521
1059,741917908,741923028,5120
1088,741924692,741935189,10497
1044,741936821,741988405,51584
1020,741989941,743060993,1071052
1045,743062305,743180002,117697
1020,743181378,750118604,6937226
1046,750120268,750436560,316292
1026,750437840,754038070,3600230
1045,754039670,754157144,117474
1020,754158680,755762217,1603537
1059,755763625,755769705,6080
1061,755771401,755929259,157858
1023,755930699,756836244,905545
1059,756837972,756843028,5056
1088,756844468,756854932,10464
1044,756856565,756909877,53312
1020,756911285,757983232,1071947
1045,757984929,758102722,117793
1020,758104226,765041676,6937450
1046,765043372,765362320,318948
1026,765364016,768963830,3599814
1045,768965206,769083224,118018
1020,769084504,770687881,1603377
1059,770689257,770695401,6144
1061,770697001,770855338,158337
1023,770856811,771745204,888393
1059,771746836,771751796,4960
1088,771753140,771763668,10528
1044,771765172,771816597,51425
1020,771818069,772889184,1071115
1045,772891169,773008865,117696
1020,773010145,779947948,6937803
1046,779949324,780267951,318627
1026,780269424,783869302,3599878
1045,783871030,783989463,118433
1020,783990903,785594184,1603281
1059,785595913,785601993,6080
1061,785603689,785761994,158305
1023,785763338,786659028,895690
1059,786660596,786665556,4960
1088,786666900,786677460,10560
1044,786678964,786731253,52289
1020,786732789,787804512,1071723
1045,787805920,787923586,117666
1020,787925090,794863404,6938314
1046,794864748,795182255,317507
1026,795183664,798783958,3600294
1045,798785590,798903927,118337
1020,798905559,800509352,1603793
1059,800510824,800516745,5921
1061,800518153,800675531,157378
1023,800676906,801574388,897482
1059,801576020,801581140,5120
1088,801582612,801593076,10464
1044,801594580,801646965,52385
1020,801648373,802720672,1072299
1045,802722176,802840130,117954
1020,802841474,809779468,6937994
1046,809781196,810097807,316611
1026,810099215,813699286,3600071
1045,813701014,813820087,119073
1020,813821783,815425352,1603569
1059,815426697,815432745,6048
1061,815434440,815592234,157794
1023,815593738,816491444,897706
1059,816493204,816498164,4960
1088,816499540,816510036,10496
1044,816511508,816563957,52449
1020,816565749,817637600,1071851
1045,817638880,817756801,117921
1020,817758209,824696620,6938411
1046,824697996,825015919,317923
1026,825017359,828617846,3600487
1045,828619606,828737335,117729
1020,828738679,830342216,1603537
1059,830343753,830349673,5920
1061,830351081,830509482,158401
1023,830510858,831409780,898922
1059,831411220,831416180,4960
1088,831417556,831428148,10592
1044,831429556,831479925,50369
1020,831481365,832553696,1072331
1045,832555392,832673217,117825
1020,832674849,839613004,6938155
1046,839614444,839932623,318179
1026,839934287,843534422,3600135
1045,843536086,843654487,118401
1020,843656471,845260232,1603761
1059,845261928,845268072,6144
1061,845269736,845428010,158274
1023,845429642,846320628,890986
1059,846322324,846327252,4928
1088,846328628,846339316,10688
1044,846341044,846392596,51552
1020,846394165,847466720,1072555
1045,847468064,847585377,117313
1020,847586849,854524396,6937547
1046,854526092,854844751,318659
1026,854846127,858446710,3600583
1045,858448150,858565815,117665
1020,858567479,860171176,1603697
1059,860172776,860178729,5953
1061,860180392,860338762,158370
1023,860340394,861232596,892202
1059,861234003,861238996,4993
1088,861240371,861250836,10465
1044,861252308,861303988,51680
1020,861305461,862377440,1071979
1045,862378880,862496033,117153
1020,862497313,869434508,6937195
1046,869435883,869752623,316740
1026,869754607,873354934,3600327
1045,873356502,873474871,118369
1020,873476567,875080200,1603633
1059,875081672,875087560,5888
1061,875089032,875247178,158146
1023,875248874,876147091,898217
1059,876148884,876153908,5024
1088,876155412,876165940,10528
1044,876167412,876217876,50464
1020,876219380,877290848,1071468
1045,877292608,877411329,118721
1020,877412737,884349484,6936747
1046,884351244,884669359,318115
1026,884670735,888270325,3599590
1045,888271765,888390135,118370
1020,888391799,889995304,1603505
1059,889996744,890002856,6112
1061,890004488,890162666,158178
1023,890164362,891058356,893994
1059,891060179,891065139,4960
1088,891066484,891077235,10751
1044,891078900,891130804,51904
1020,891132180,892203936,1071756
1045,892205248,892323105,117857
1020,892324577,899262604,6938027
1046,899264044,899581007,316963
1026,899582383,903182165,3599782
1045,903183893,903301527,117634
1020,903303031,904906312,1603281
1059,904908040,904914152,6112
1061,904915784,905074313,158529
1023,905075946,905977939,901993
1059,905979732,905984883,5151
1088,905986355,905996852,10497
1044,905998548,906049236,50688
1020,906050708,907122208,1071500
1045,907123904,907240993,117089
1020,907242337,914179595,6937258
1046,914181099,914496591,315492
1026,914498031,918097813,3599782
1045,918099413,918216823,117410
1020,918218455,919821832,1603377
1059,919823560,919829544,5984
1061,919830952,919988906,157954
1023,919990601,920882803,892202
1059,920884595,920889683,5088
1088,920891347,920901843,10496
1044,920903508,920956724,53216
1020,920958100,922029055,1070955
1045,922030367,922148449,118082
1020,922149857,929087627,6937770
1046,929089131,929407374,318243
1026,929409039,933009397,3600358
1045,933010741,933129846,119105
1020,933131542,934735432,1603890
1059,934737064,934743208,6144
1061,934744872,934903018,158146
1023,934904361,935795699,891338
1059,935797075,935802291,5216
1088,935803763,935814227,10464
1044,935815763,935866900,51137
1020,935868308,936940287,1071979
1045,936941951,937059905,117954
1020,937061249,943999339,6938090
1046,944000811,944318862,318051
1026,944320335,947920597,3600262
1045,947922005,948040182,118177
1020,948041846,949645224,1603378
1059,949646952,949652840,5888
1061,949654280,949812585,158305
1023,949814281,950712915,898634
1059,950714323,950719283,4960
1088,950720691,950731091,10400
1044,950732723,950782804,50081
1020,950784404,951855775,1071371
1045,951857279,951975649,118370
1020,951976993,958914443,6937450
1046,958915883,959234222,318339
1026,959235535,962835125,3599590
1045,962836437,962954167,117730
1020,962955830,964558823,1602993
1059,964560200,964566152,5952
1061,964567592,964725161,157569
1023,964726601,965629075,902474
1059,965630611,965635635,5024
1088,965637331,965647955,10624
1044,965649331,965700596,51265
1020,965701972,966773727,1071755
1045,966775135,966893664,118529
1020,966895104,973831979,6936875
1046,973833643,974151598,317955
1026,974153070,977752629,3599559
1045,977754357,977873558,119201
1020,977875062,979478343,1603281
1059,979479816,979485736,5920
1061,979487431,979645257,157826
1023,979646889,980546195,899306
1059,980547603,980552531,4928
1088,980553971,980564467,10496
1044,980565971,980617876,51905
1020,980619380,981691231,1071851
1045,981692927,981811137,118210
1020,981812480,988749547,6937067
1046,988751211,989068782,317571
1026,989070414,992671509,3601095
1045,992673109,992791542,118433
1020,992793270,994396967,1603697
1059,994398376,994404296,5920
1061,994405736,994563433,157697
1023,994564809,995461971,897162
1059,995463763,995468691,4928
1088,995470195,995480851,10656
1044,995482355,995534388,52033
1020,995536052,996607455,1071403
1045,996608959,996727520,118561
1020,996729248,1003667147,6937899
1046,1003668683,1003986030,317347
1026,1003987534,1007587637,3600103
1045,1007588949,1007706870,117921
1020,1007708278,1009311495,1603217
1059,1009312935,1009319079,6144
1061,1009320712,1009478665,157953
1023,1009480073,1010372851,892778
1059,1010374323,1010379283,4960
1088,1010380627,1010391187,10560
1044,1010392627,1010445716,53089
1020,1010447156,1011518623,1071467
1045,1011520191,1011637600,117409
1020,1011638944,1018576875,6937931
1046,1018578539,1018896558,318019
1026,1018898094,1022498165,3600071
1045,1022499541,1022617974,118433
1020,1022619574,1024223143,1603569
1059,1024224519,1024230631,6112
1061,1024232295,1024391049,158754
1023,1024392745,1025295155,902410
1059,1025296723,1025301651,4928
1088,1025303059,1025313779,10720
1044,1025315507,1025367252,51745
1020,1025368852,1026439743,1070891
1045,1026441183,1026558848,117665
1020,1026560320,1033498315,6937995
1046,1033500011,1033818638,318627
1026,1033820366,1037420117,3599751
1045,1037421525,1037540150,118625
1020,1037541910,1039145319,1603409
1059,1039146759,1039152871,6112
1061,1039154535,1039312137,157602
1023,1039313865,1040203955,890090
1059,1040205459,1040210419,4960
1088,1040211730,1040222515,10785
1044,1040223891,1040276531,52640
1020,1040278195,1041349823,1071628
1045,1041351231,1041468608,117377
1020,1041470016,1048407050,6937034
1046,1048408779,1048727054,318275
1026,1048728686,1052328661,3599975
1045,1052330036,1052448918,118882
1020,1052450518,1054054311,1603793
1059,1054055943,1054061831,5888
1061,1054063303,1054221417,158114
1023,1054222793,1055121618,898825
1059,1055123187,1055128275,5088
1088,1055129938,1055140467,10529
1044,1055141939,1055192563,50624
1020,1055193939,1056265727,1071788
1045,1056267071,1056385920,118849
1020,1056387552,1063324458,6936906
1046,1063325898,1063643086,317188
1026,1063644558,1067244661,3600103
1045,1067246357,1067363990,117633
1020,1067365622,1068969063,1603441
1059,1068970791,1068976775,5984
1061,1068978151,1069136169,158018
1023,1069137801,1070031155,893354
1059,1070032915,1070038291,5376
1088,1070040018,1070050419,10401
1044,1070052051,1070103283,51232
1020,1070104723,1071176095,1071372
1045,1071177567,1071295136,117569
1020,1071296480,1078233738,6937258
1046,1078235498,1078554446,318948
1026,1078555822,1082155092,3599270
1045,1082156500,1082274294,117794
1020,1082275830,1083879335,1603505
1059,1083880711,1083886823,6112
1061,1083888487,1084046441,157954
1023,1084047945,1084953682,905737
1059,1084955122,1084960082,4960
1088,1084961427,1084971922,10495
1044,1084973395,1085024435,51040
1020,1085025843,1086097439,1071596
1045,1086098847,1086216704,117857
1020,1086218272,1093155786,6937514
1046,1093157419,1093474862,317443
1026,1093476590,1097076565,3599975
1045,1097078260,1097196310,118050
1020,1097197622,1098801447,1603825
1059,1098802823,1098808807,5984
1061,1098810503,1098968745,158242
1023,1098970441,1099866034,895593
1059,1099867442,1099872370,4928
1088,1099873842,1099884498,10656
1044,1099886227,1099937331,51104
1020,1099938771,1101010207,1071436
1045,1101011615,1101128960,117345
1020,1101130624,1108068810,6938186
1046,1108070410,1108387470,317060
1026,1108388846,1111989524,3600678
1047,1111990932,1112120854,129922
1028,1112122262,1112130390,8128
1029,1112131798,1112765629,633831
1030,1112767357,1112775421,8064
1073,1112805917,1112812029,6112
1075,1112840061,1113012767,172706
1077,1113014143,1113150017,135874
1079,1113151521,1113198049,46528
1081,1113199393,1113206369,6976
1083,1113226817,1113230274,3457
1085,1113248450,1113251938,3488
1053,1113471940,1113474916,2976
1042,1113718247,1113940905,222658
1020,1113942249,1115545530,1603281
1059,1115547098,1115553018,5920
1061,1115554459,1115713212,158753
1023,1115714908,1116602534,887626
1059,1116604070,1116609030,4960
1088,1116610406,1116621926,11520
1044,1116623366,1116696455,73089
1020,1116698343,1117770226,1071883
1045,1117771570,1117889331,117761
1020,1117890900,1124828670,6937770
1064,1124695325,1124698333,3008
1064,1124705565,1124707645,2080
1064,1124709053,1124711133,2080
1064,1124725213,1124728285,3072
1067,1124729853,1124733309,3456
1064,1124735485,1124737533,2048
1064,1124744285,1124746365,2080
1064,1124748861,1124750909,2048
1064,1124764125,1124767133,3008
1067,1124768509,1124772221,3712
1064,1124773981,1124776061,2080
1064,1124783453,1124785501,2048
1064,1124787549,1124789597,2048
1064,1124804158,1124807166,3008
1067,1124808510,1124811838,3328
1046,1124830398,1125152065,321667
1069,1125141633,1125146145,4512
1071,1125158690,1125161793,3103
1026,1125159458,1128759464,3600006
1045,1128760968,1128878282,117314
1020,1128879722,1130483579,1603857
1059,1130485050,1130491098,6048
1061,1130492507,1130651197,158690
1023,1130652572,1131550086,897514
1059,1131551750,1131556870,5120
1088,1131558566,1131570598,12032
1044,1131572262,1131646727,74465
1020,1131648711,1132720530,1071819
1045,1132722227,1132839988,117761
1020,1132841684,1139778654,6936970
1046,1139780286,1140097922,317636
1026,1140099297,1143699304,3600007
1045,1143701128,1143820297,119169
1020,1143821929,1145425403,1603474
1059,1145427067,1145432987,5920
1061,1145434427,1145592317,157890
1023,1145593949,1146484774,890825
1059,1146486566,1146491654,5088
1088,1146493254,1146504838,11584
1044,1146506246,1146579591,73345
1020,1146581767,1147653363,1071596
1045,1147654867,1147773012,118145
1020,1147774420,1154711678,6937258
1046,1154713342,1155032098,318756
1026,1155033666,1158633576,3599910
1045,1158634985,1158753194,118209
1020,1158754570,1160358075,1603505
1059,1160359387,1160365275,5888
1061,1160366747,1160524157,157410
1023,1160525501,1161416230,890729
1059,1161417606,1161422790,5184
1088,1161424294,1161436262,11968
1044,1161437702,1161512807,75105
1020,1161514695,1162586131,1071436
1045,1162587795,1162705492,117697
1020,1162707476,1169645118,6937642
1046,1169646495,1169965026,318531
1026,1169966754,1173566952,3600198
1045,1173568617,1173686282,117665
1020,1173687722,1175290939,1603217
1059,1175292603,1175298651,6048
1061,1175300347,1175458365,158018
1023,1175459709,1176357671,897962
1059,1176359143,1176364263,5120
1088,1176365894,1176377735,11841
1044,1176379239,1176452840,73601
1020,1176454792,1177526579,1071787
1045,1177528211,1177646676,118465
1020,1177648372,1184585695,6937323
1046,1184587390,1184905794,318404
1026,1184907106,1188506153,3599047
1045,1188507529,1188626762,119233
1020,1188628362,1190231707,1603345
1059,1190233115,1190239035,5920
1061,1190240476,1190398589,158113
1023,1190399933,1191302183,902250
1059,1191303879,1191308839,4960
1088,1191310151,1191321671,11520
1044,1191323047,1191397864,74817
1020,1191400072,1192471155,1071083
1045,1192472787,1192591956,119169
1020,1192593589,1199529983,6936394
1046,1199531647,1199849155,317508
1026,1199850562,1203450089,3599527
1045,1203451593,1203570506,118913
1020,1203571946,1205174907,1602961
1059,1205176571,1205182683,6112
1061,1205184316,1205342589,158273
1023,1205343901,1206240071,896170
1059,1206241511,1206246471,4960
1088,1206247847,1206259367,11520
1044,1206260807,1206333640,72833
1020,1206335656,1207407027,1071371
1045,1207408595,1207526325,117730
1020,1207527989,1214464543,6936554
1046,1214465919,1214784322,318403
1026,1214785890,1218385417,3599527
1045,1218387049,1218505034,117985
1020,1218506730,1220110267,1603537
1059,1220111804,1220117788,5984
1061,1220119164,1220277469,158305
1023,1220279166,1221179047,899881
1059,1221180615,1221185639,5024
1088,1221187367,1221198919,11552
1044,1221200327,1221273640,73313
1020,1221275624,1222347412,1071788
1045,1222349044,1222466613,117569
1020,1222468245,1229405695,6937450
1046,1229407327,1229726243,318916
1026,1229727554,1233327401,3599847
1045,1233329033,1233446955,117922
1020,1233449451,1235053244,1603793
1059,1235054524,1235060476,5952
1061,1235061948,1235220318,158370
1023,1235221981,1236112615,890634
1059,1236114343,1236119431,5088
1088,1236121095,1236132615,11520
1044,1236133991,1236208616,74625
1020,1236209960,1237282164,1072204
1045,1237283700,1237401621,117921
1020,1237402965,1244340799,6937834
1046,1244342207,1244661539,319332
1026,1244663235,1248263017,3599782
1045,1248264425,1248383083,118658
1020,1248384523,1249988348,1603825
1059,1249990044,1249996092,6048
1061,1249997404,1250155614,158210
1023,1250156926,1251044135,887209
1059,1251045511,1251050567,5056
1088,1251052327,1251064039,11712
1044,1251065704,1251139592,73888
1020,1251141544,1252213428,1071884
1045,1252214900,1252334037,119137
1020,1252335477,1259273343,6937866
1046,1259275008,1259593091,318083
1026,1259594627,1263194729,3600102
1045,1263196298,1263314827,118529
1020,1263316331,1264920284,1603953
1059,1264922012,1264927964,5952
1061,1264929308,1265087326,158018
1023,1265088798,1265988040,899242
1059,1265989735,1265994696,4961
1088,1265996040,1266007848,11808
1044,1266009384,1266083497,74113
1020,1266085417,1267156820,1071403
1045,1267158356,1267275957,117601
1020,1267277429,1274215616,6938187
1046,1274216992,1274533411,316419
1026,1274534787,1278134794,3600007
1045,1278136138,1278254731,118593
1020,1278256203,1279859900,1603697
1059,1279861372,1279867292,5920
1061,1279868700,1280026974,158274
1023,1280028638,1280938344,909706
1059,1280939848,1280944840,4992
1088,1280946216,1280957864,11648
1044,1280959208,1281033417,74209
1020,1281035369,1282106740,1071371
1045,1282108020,1282225941,117921
1020,1282227414,1289165152,6937738
1046,1289166752,1289484611,317859
1026,1289486115,1293085642,3599527
1045,1293086986,1293204651,117665
1020,1293206155,1294810077,1603922
1059,1294811453,1294817565,6112
1061,1294819165,1294977054,157889
1023,1294978718,1295871720,893002
1059,1295873480,1295878632,5152
1088,1295880104,1295891880,11776
1044,1295893576,1295969225,75649
1020,1295971145,1297043028,1071883
1045,1297044532,1297162934,118402
1020,1297164438,1304102176,6937738
1046,1304103904,1304422372,318468
1026,1304424004,1308024554,3600550
1045,1308025962,1308143564,117602
1020,1308144907,1309749341,1604434
1059,1309751101,1309757117,6016
1061,1309758845,1309917246,158401
1023,1309918591,1310816616,898025
1059,1310818216,1310823176,4960
1088,1310824520,1310836168,11648
1044,1310837672,1310912329,74657
1020,1310914377,1311986165,1071788
1045,1311987477,1312105302,117825
1020,1312106678,1319043776,6937098
1046,1319045472,1319362852,317380
1026,1319364292,1322963883,3599591
1045,1322965578,1323083116,117538
1020,1323084492,1324687869,1603377
1059,1324689245,1324695389,6144
1061,1324697021,1324855519,158498
1023,1324856895,1325749256,892361
1059,1325750792,1325755848,5056
1088,1325757544,1325769160,11616
1044,1325770505,1325843593,73088
1020,1325845481,1326917557,1072076
1045,1326919221,1327036630,117409
1020,1327038230,1333975841,6937611
1046,1333977281,1334294436,317155
1026,1334295876,1337895659,3599783
1045,1337897162,1338015468,118306
1020,1338016972,1339620317,1603345
1059,1339622045,1339628125,6080
1061,1339629725,1339787711,157986
1023,1339789119,1340688713,899594
1059,1340690281,1340695401,5120
1088,1340696969,1340708649,11680
1044,1340710313,1340783465,73152
1020,1340785130,1341857749,1072619
1045,1341859189,1341977558,118369
1020,1341979254,1348916801,6937547
1046,1348918497,1349235684,317187
1026,1349236996,1352837003,3600007
1045,1352838667,1352956044,117377
1020,1352957356,1354560797,1603441
1059,1354562173,1354568125,5952
1061,1354569597,1354727551,157954
1023,1354729279,1355625128,895849
1059,1355626697,1355631785,5088
1088,1355633353,1355645193,11840
1044,1355646857,1355719977,73120
1020,1355721930,1356794037,1072107
1045,1356795477,1356913174,117697
1020,1356914806,1363853569,6938763
1046,1363854913,1364172484,317571
1026,1364174212,1367773931,3599719
1045,1367775339,1367893420,118081
1020,1367894796,1369498493,1603697
1059,1369499773,1369505758,5985
1061,1369507389,1369665599,158210
1023,1369667071,1370567081,900010
1059,1370568553,1370573609,5056
1088,1370575337,1370586857,11520
1044,1370588329,1370664362,76033
1020,1370666250,1371738005,1071755
1045,1371739573,1371857239,117666
1020,1371858519,1378796225,6937706
1046,1378797825,1379114212,316387
1026,1379115845,1382715435,3599590
1045,1382717067,1382834892,117825
1020,1382836557,1384439997,1603440
1059,1384441534,1384447550,6016
1061,1384448894,1384607104,158210
1023,1384608639,1385507689,899050
1059,1385509449,1385514377,4928
1088,1385515913,1385527817,11904
1044,1385529321,1385604138,74817
1020,1385605994,1386678037,1072043
1045,1386679574,1386797239,117665
1020,1386798967,1393735233,6936266
1046,1393736897,1394054501,317604
1026,1394055941,1397655467,3599526
1045,1397656939,1397774893,117954
1020,1397776589,1399379902,1603313
1059,1399381246,1399387166,5920
1061,1399388606,1399546848,158242
1023,1399548319,1400448841,900522
1059,1400450409,1400455625,5216
1088,1400457065,1400468681,11616
1044,1400470026,1400543562,73536
1020,1400545834,1401617846,1072012
1045,1401619286,1401738423,119137
1020,1401740087,1408677762,6937675
1046,1408679137,1408997573,318436
1026,1408999109,1412599020,3599911
1045,1412600428,1412718829,118401
1020,1412720269,1414323774,1603505
1059,1414325182,1414331102,5920
1061,1414332510,1414490656,158146
1023,1414492000,1415377609,885609
1059,1415379017,1415384169,5152
1088,1415385674,1415397417,11743
1044,1415399050,1415473226,74176
1020,1415475178,1416546902,1071724
1045,1416548598,1416665975,117377
1020,1416667671,1423605185,6937514
1046,1423606881,1423925381,318500
1026,1423926789,1427526539,3599750
1045,1427528107,1427645741,117634
1020,1427647149,1429251038,1603889
1059,1429252766,1429258878,6112
1061,1429260574,1429418976,158402
1023,1429420512,1430322858,902346
1059,1430324586,1430329642,5056
1088,1430331306,1430343082,11776
1044,1430344554,1430418827,74273
1020,1430421035,1431492662,1071627
1045,1431494294,1431611831,117537
1020,1431613527,1438549602,6936075
1046,1438551106,1438869733,318627
1026,1438871333,1442472012,3600679
1045,1442473644,1442591277,117633
1020,1442592557,1444196062,1603505
1059,1444197406,1444203294,5888
1061,1444204766,1444363552,158786
1023,1444365216,1445271434,906218
1059,1445273194,1445278154,4960
1088,1445279530,1445291210,11680
1044,1445292906,1445366923,74017
1020,1445368875,1446440342,1071467
1045,1446442038,1446560696,118658
1020,1446562040,1453499362,6937322
1046,1453500674,1453820006,319332
1026,1453821286,1457420812,3599526
1045,1457422284,1457539469,117185
1020,1457540878,1459144383,1603505
1059,1459145758,1459151743,5985
1061,1459153087,1459310880,157793
1023,1459312545,1460204394,891849
1059,1460205962,1460211018,5056
1088,1460212746,1460224330,11584
1044,1460225706,1460299851,74145
1020,1460301707,1461373143,1071436
1045,1461374583,1461492824,118241
1020,1461494232,1468431362,6937130
1046,1468433026,1468753350,320324
1026,1468754725,1472354668,3599943
1045,1472356268,1472475085,118817
1020,1472476525,1474080095,1603570
1059,1474081791,1474087711,5920
1061,1474089183,1474247232,158049
1023,1474248960,1475150602,901642
1059,1475152170,1475157290,5120
1088,1475158794,1475170538,11744
1044,1475172202,1475246091,73889
1020,1475248043,1476319863,1071820
1045,1476321495,1476439064,117569
1020,1476440696,1483377795,6937099
1046,1483379522,1483696870,317348
1026,1483698214,1487298253,3600039
1045,1487299661,1487417294,117633
1020,1487418702,1489021983,1603281
1059,1489023583,1489029567,5984
1061,1489031007,1489189313,158306
1023,1489190945,1490088235,897290
1059,1490089802,1490094923,5121
1088,1490096490,1490108171,11681
1044,1490109546,1490184395,74849
1020,1490186699,1491258679,1071980
1045,1491260343,1491377624,117281
1020,1491379064,1498316419,6937355
1046,1498317859,1498634982,317123
1026,1498636678,1502236973,3600295
1045,1502239277,1502357102,117825
1020,1502358798,1503962207,1603409
1059,1503963679,1503969567,5888
1061,1503971039,1504129057,158018
1023,1504130497,1505032299,901802
1059,1505034090,1505039019,4929
1088,1505040651,1505052491,11840
1044,1505054123,1505127979,73856
1020,1505130188,1506202007,1071819
1045,1506203383,1506321560,118177
1020,1506323193,1513260387,6937194
1046,1513262147,1513580550,318403
1026,1513581926,1517181645,3599719
1045,1517183085,1517300590,117505
1020,1517301902,1518905535,1603633
1059,1518906912,1518912991,6079
1061,1518914303,1519071809,157506
1023,1519073313,1519979883,906570
1059,1519981675,1519986635,4960
1088,1519987979,1519999755,11776
1044,1520001259,1520077452,76193
1020,1520079692,1521151927,1072235
1045,1521153400,1521271833,118433
1020,1521273241,1528210275,6937034
1046,1528212003,1528531399,319396
1026,1528533030,1532133229,3600199
1045,1532134925,1532253262,118337
1020,1532254639,1533858720,1604081
1059,1533860224,1533866336,6112
1061,1533867968,1534025825,157857
1023,1534027489,1534921163,893674
1059,1534922923,1534927851,4928
1088,1534929259,1534940907,11648
1044,1534942251,1535015788,73537
1020,1535018060,1536089720,1071660
1045,1536091160,1536210105,118945
1020,1536211801,1543149731,6937930
1046,1543151395,1543468967,317572
1026,1543470599,1547070253,3599654
1045,1547072365,1547191407,119042
1020,1547192751,1548796256,1603505
1059,1548797760,1548803680,5920
1061,1548805120,1548962754,157634
1023,1548964194,1549864107,899913
1059,1549865899,1549870860,4961
1088,1549872203,1549883788,11585
1044,1549885164,1549958348,73184
1020,1549960364,1551031896,1071532
1045,1551033368,1551150713,117345
1020,1551152089,1558089411,6937322
1046,1558090756,1558410471,319715
1026,1558412071,1562011630,3599559
1045,1562013133,1562131439,118306
1020,1562132879,1563736544,1603665
1059,1563738240,1563744352,6112
1061,1563746016,1563904066,158050
1023,1563905346,1564803947,898601
1059,1564805644,1564810764,5120
1088,1564812300,1564823948,11648
1044,1564825356,1564898156,72800
1020,1564900108,1565971928,1071820
1045,1565973528,1566091801,118273
1020,1566093433,1573030020,6936587
1046,1573031491,1573350599,319108
1026,1573352135,1576952014,3599879
1045,1576953678,1577072975,119297
1020,1577074479,1578677696,1603217
1059,1578679424,1578685344,5920
1061,1578686784,1578844962,158178
1023,1578846658,1579747916,901258
1059,1579749676,1579754636,4960
1088,1579755980,1579767660,11680
1044,1579769004,1579842413,73409
1020,1579844333,1580916280,1071947
1045,1580917976,1581035737,117761
1020,1581037082,1587975428,6938346
1046,1587977188,1588295399,318211
1026,1588296711,1591898126,3601415
1047,1591899566,1592031087,131521
1028,1592033615,1592041360,7745
1029,1592042640,1592680758,638118
1030,1592682198,1592692918,10720
1073,1592721239,1592728503,7264
1075,1592763991,1592940377,176386
1077,1592942169,1593082171,140002
1079,1593083643,1593130363,46720
1081,1593131867,1593138555,6688
1083,1593158203,1593161628,3425
1085,1593179804,1593183612,3808
1053,1593335613,1593338589,2976
1042,1593527199,1593750530,223331
1020,1593752066,1595355219,1603153
1059,1595356595,1595362611,6016
1061,1595363923,1595521173,157250
1023,1595522549,1596408095,885546
1059,1596409662,1596414686,5024
1088,1596416158,1596428703,12545
1044,1596430111,1596525503,95392
1020,1596527520,1597599435,1071915
1045,1597601035,1597718765,117730
1020,1597720076,1604657303,6937227
1064,1604523829,1604526774,2945
1064,1604534710,1604536790,2080
1064,1604538165,1604540213,2048
1064,1604552566,1604555574,3008
1067,1604557206,1604560726,3520
1064,1604562102,1604564150,2048
1064,1604572118,1604574198,2080
1064,1604576342,1604578390,2048
1064,1604592246,1604595222,2976
1067,1604596630,1604600118,3488
1064,1604602422,1604604470,2048
1064,1604611254,1604613302,2048
1064,1604615318,1604617398,2080
1064,1604631191,1604634134,2943
1067,1604635542,1604638967,3425
1046,1604658775,1604976922,318147
1069,1604970234,1604974682,4448
1071,1604987706,1604991387,3681
1026,1604988346,1608588065,3599719
1045,1608589377,1608708258,118881
1020,1608709698,1610313107,1603409
1059,1610314484,1610320372,5888
1061,1610321844,1610479829,157985
1023,1610481493,1611382271,900778
1059,1611383935,1611389151,5216
1088,1611390559,1611403039,12480
1044,1611404639,1611500736,96097
1020,1611502784,1612574316,1071532
1045,1612575660,1612693965,118305
1020,1612695629,1619633303,6937674
1046,1619635031,1619952059,317028
1026,1619953371,1623552577,3599206
1045,1623554177,1623672515,118338
1020,1623674179,1625277268,1603089
1059,1625278932,1625284948,6016
1061,1625286324,1625444214,157890
1023,1625445654,1626342335,896681
1059,1626344063,1626349056,4993
1088,1626350431,1626362847,12416
1044,1626364447,1626459361,94914
1020,1626461313,1627532940,1071627
1045,1627534316,1627653581,119265
1020,1627654925,1634593304,6938379
1046,1634594744,1634913947,319203
1026,1634915355,1638514850,3599495
1045,1638516290,1638634147,117857
1020,1638635875,1640239060,1603185
1059,1640240788,1640246805,6017
1061,1640248148,1640406774,158626
1023,1640408438,1641297216,888778
1059,1641298912,1641303936,5024
1088,1641305696,1641318400,12704
1044,1641320064,1641416321,96257
1020,1641418369,1642490188,1071819
1045,1642491948,1642609774,117826
1020,1642611214,1649548568,6937354
1046,1649550008,1649868764,318756
1026,1649870428,1653470338,3599910
1045,1653472002,1653589475,117473
1020,1653591172,1655194389,1603217
1059,1655195829,1655201781,5952
1061,1655203189,1655362167,158978
1023,1655363639,1656255904,892265
1059,1656257632,1656262752,5120
1088,1656264384,1656276832,12448
1044,1656278464,1656373537,95073
1020,1656375713,1657447501,1071788
1045,1657448973,1657567758,118785
1020,1657569454,1664507064,6937610
1046,1664508761,1664826428,317667
1026,1664828156,1668427907,3599751
1045,1668429571,1668547972,118401
1020,1668549572,1670153045,1603473
1059,1670154741,1670160661,5920
1061,1670162101,1670319831,157730
1023,1670321335,1671213793,892458
1059,1671215361,1671220608,5247
1088,1671221984,1671234465,12481
1044,1671236001,1671331458,95457
1020,1671333826,1672405709,1071883
1045,1672407053,1672525518,118465
1020,1672527118,1679463481,6936363
1046,1679464921,1679784188,319267
1026,1679785820,1683385763,3599943
1045,1683387139,1683504740,117601
1020,1683506436,1685110517,1604081
1059,1685112085,1685117973,5888
1061,1685119413,1685277335,157922
1023,1685278711,1686175073,896362
1059,1686176449,1686181569,5120
1088,1686183201,1686195905,12704
1044,1686197601,1686292706,95105
1020,1686294594,1687366638,1072044
1045,1687367950,1687486575,118625
1020,1687488207,1694426393,6938186
1046,1694428025,1694745757,317732
1026,1694747101,1698346947,3599846
1045,1698348259,1698466020,117761
1020,1698467620,1700071158,1603538
1059,1700072854,1700078774,5920
1061,1700080502,1700238424,157922
1023,1700239864,1701146017,906153
1059,1701147457,1701152417,4960
1088,1701153761,1701166274,12513
1044,1701167714,1701263331,95617
1020,1701265027,1702336814,1071787
1045,1702338478,1702457007,118529
1020,1702458639,1709396122,6937483
1046,1709397562,1709716989,319427
1026,1709718269,1713318372,3600103
1045,1713319812,1713438021,118209
1020,1713439397,1715042934,1603537
1059,1715044310,1715050326,6016
1061,1715051638,1715209784,158146
1023,1715211128,1716103106,891978
1059,1716104578,1716109634,5056
1088,1716111298,1716123714,12416
1044,1716125346,1716221315,95969
1020,1716222787,1717295214,1072427
1045,1717296878,1717415728,118850
1020,1717417040,1724355194,6938154
1046,1724356474,1724676446,319972
1026,1724677822,1728277540,3599718
1045,1728279172,1728397222,118050
1020,1728398662,1730002359,1603697
1059,1730004087,1730010231,6144
1061,1730011831,1730169977,158146
1023,1730171640,1731061538,889898
1059,1731062946,1731068034,5088
1088,1731069666,1731082274,12608
1044,1731083682,1731179076,95394
1020,1731181284,1732252527,1071243
1045,1732254543,1732372400,117857
1020,1732373744,1739310746,6937002
1046,1739312154,1739628126,315972
1026,1739629470,1743229220,3599750
1045,1743230692,1743349350,118658
1020,1743350918,1744954583,1603665
1059,1744956087,1744962199,6112
1061,1744963895,1745122041,158146
1023,1745123513,1746027267,903754
1059,1746028707,1746033762,5055
1088,1746035491,1746048131,12640
1044,1746049443,1746144900,95457
1020,1746146756,1747218607,1071851
1045,1747220176,1747337969,117793
1020,1747339601,1754277723,6938122
1046,1754279131,1754596735,317604
1026,1754598398,1758198949,3600551
1045,1758200389,1758318406,118017
1020,1758320070,1759923735,1603665
1059,1759925336,1759931288,5952
1061,1759932664,1760091129,158465
1023,1760092537,1760993603,901066
1059,1760995075,1761000035,4960
1088,1761001443,1761014275,12832
1044,1761015747,1761111812,96065
1020,1761113860,1762185744,1071884
1045,1762187408,1762305585,118177
1020,1762307057,1769244635,6937578
1046,1769246299,1769563743,317444
1026,1769565343,1773165542,3600199
1045,1773167206,1773284679,117473
1020,1773286375,1774889784,1603409
1059,1774891320,1774897432,6112
1061,1774899064,1775057338,158274
1023,1775058778,1775961827,903049
1059,1775963588,1775968996,5408
1088,1775970660,1775983332,12672
1044,1775985028,1776081541,96513
1020,1776083493,1777155664,1072171
1045,1777157329,1777275505,118176
1020,1777277202,1784215228,6938026
1046,1784216636,1784534336,317700
1026,1784535679,1788135430,3599751
1045,1788136902,1788255079,118177
1020,1788256423,1789859833,1603410
1059,1789861496,1789867577,6081
1061,1789868889,1790026714,157825
1023,1790028378,1790920580,892202
1059,1790922020,1790926980,4960
1088,1790928356,1790940804,12448
1044,1790942244,1791038853,96609
1020,1791041061,1792112785,1071724
1045,1792114193,1792231666,117473
1020,1792233266,1799169532,6936266
1046,1799171037,1799489856,318819
1026,1799491296,1803090950,3599654
1045,1803092423,1803210312,117889
1020,1803212008,1804815257,1603249
1059,1804817017,1804822905,5888
1061,1804824345,1804981915,157570
1023,1804983611,1805871140,887529
1059,1805872612,1805877668,5056
1088,1805879364,1805891940,12576
1044,1805893380,1805987909,94529
1020,1805989830,1807061457,1071627
1045,1807062961,1807180818,117857
1020,1807182322,1814119549,6937227
1046,1814121277,1814439744,318467
1026,1814441120,1818041095,3599975
1045,1818042567,1818161736,119169
1020,1818163144,1819766937,1603793
1059,1819768377,1819774298,5921
1061,1819776025,1819933691,157666
1023,1819935227,1820829252,894025
1059,1820830692,1820835845,5153
1088,1820837317,1820850181,12864
1044,1820851653,1820946150,94497
1020,1820948390,1822020849,1072459
1045,1822022289,1822140723,118434
1020,1822142259,1829080573,6938314
1046,1829082301,1829399745,317444
1026,1829401056,1833001287,3600231
1045,1833002823,1833121160,118337
1020,1833122568,1834725978,1603410
1059,1834727450,1834733562,6112
1061,1834735226,1834893115,157889
1023,1834894715,1835793125,898410
1059,1835794597,1835799557,4960
1088,1835801253,1835813925,12672
1044,1835815621,1835912390,96769
1020,1835914310,1836986386,1072076
1045,1836987794,1837106963,119169
1020,1837108435,1844045854,6937419
1046,1844047517,1844365697,318180
1026,1844367361,1847967656,3600295
1045,1847969320,1848088105,118785
1020,1848089609,1849693178,1603569
1059,1849694586,1849700698,6112
1061,1849702394,1849860444,158050
1023,1849861820,1850759173,897353
1059,1850760933,1850766022,5089
1088,1850767653,1850780070,12417
1044,1850781766,1850875879,94113
1020,1850877895,1851949138,1071243
1045,1851950866,1852068852,117986
1020,1852070227,1859006686,6936459
1046,1859008414,1859326017,317603
1026,1859327361,1862926824,3599463
1045,1862928232,1863046697,118465
1020,1863048137,1864652186,1604049
1059,1864653594,1864659546,5952
1061,1864660954,1864819708,158754
1023,1864821052,1865728198,907146
1059,1865729798,1865734790,4992
1088,1865736166,1865748550,12384
1044,1865750214,1865844807,94593
1020,1865846759,1866918771,1072012
1045,1866920403,1867038004,117601
1020,1867039444,1873978143,6938699
1046,1873979615,1874297666,318051
1026,1874300130,1877900264,3600134
1045,1877901769,1878019786,118017
1020,1878021450,1879624987,1603537
1059,1879626363,1879632315,5952
1061,1879633691,1879791933,158242
1023,1879793565,1880688550,894985
1059,1880690086,1880695238,5152
1088,1880696775,1880709159,12384
1044,1880710631,1880805320,94689
1020,1880807208,1881879155,1071947
1045,1881880851,1881998325,117474
1020,1881999700,1888937439,6937739
1046,1888938783,1889257602,318819
1026,1889259234,1892859529,3600295
1045,1892861193,1892979082,117889
1020,1892980618,1894584251,1603633
1059,1894585756,1894591707,5951
1061,1894593147,1894751261,158114
1023,1894752765,1895653703,900938
1059,1895655271,1895660231,4960
1088,1895661543,1895674087,12544
1044,1895675527,1895770856,95329
1020,1895773096,1896844980,1071884
1045,1896846356,1896963573,117217
1020,1896964917,1903902111,6937194
1046,1903903680,1904222691,319011
1026,1904224387,1907824489,3600102
1045,1907826057,1907944042,117985
1020,1907945419,1909548636,1603217
1059,1909550108,1909556156,6048
1061,1909557500,1909715870,158370
1023,1909717374,1910612263,894889
1059,1910613895,1910618855,4960
1088,1910620231,1910632616,12385
1044,1910634279,1910729961,95682
1020,1910731881,1911803604,1071723
1045,1911804948,1911922485,117537
1020,1911924085,1918861504,6937419
1046,1918863136,1919181283,318147
1026,1919182627,1922782698,3600071
1045,1922784426,1922903531,119105
1020,1922904939,1924508316,1603377
1059,1924509660,1924515708,6048
1061,1924517404,1924675774,158370
1023,1924677438,1925571304,893866
1059,1925573031,1925577960,4929
1088,1925579336,1925592008,12672
1044,1925593320,1925688873,95553
1020,1925690985,1926762292,1071307
1045,1926763668,1926881782,118114
1020,1926883318,1933820768,6937450
1046,1933822432,1934140995,318563
1026,1934142307,1937741674,3599367
1045,1937743306,1937860939,117633
1020,1937862572,1939466525,1603953
1059,1939468092,1939473981,5889
1061,1939475677,1939633566,157889
1023,1939635006,1940533896,898890
1059,1940535464,1940540424,4960
1088,1940541768,1940554088,12320
1044,1940555400,1940650441,95041
1020,1940652425,1941724053,1071628
1045,1941725525,1941842998,117473
1020,1941844438,1948781825,6937387
1046,1948783553,1949100804,317251
1026,1949102884,1952703051,3600167
1045,1952704682,1952823532,118850
1020,1952824876,1954428829,1603953
1059,1954430237,1954436157,5920
1061,1954437565,1954595839,158274
1023,1954597215,1955493961,896746
1059,1955495464,1955500584,5120
1088,1955502121,1955514857,12736
1044,1955516521,1955612010,95489
1020,1955613962,1956685461,1071499
1045,1956686805,1956804631,117826
1020,1956806071,1963743521,6937450
1046,1963745153,1964062884,317731
1026,1964064197,1967663851,3599654
1045,1967665195,1967783244,118049
1020,1967784652,1969388669,1604017
1059,1969390109,1969396030,5921
1061,1969397470,1969555039,157569
1023,1969556511,1970451465,894954
1059,1970453225,1970458185,4960
1088,1970459561,1970472009,12448
1044,1970473417,1970569642,96225
1020,1970572074,1971644406,1072332
1045,1971645878,1971763863,117985
1020,1971765303,1978702785,6937482
1046,1978704225,1979023109,318884
1026,1979024421,1982624844,3600423
1045,1982626187,1982744109,117922
1020,1982745741,1984349406,1603665
1059,1984350814,1984356766,5952
1061,1984358206,1984516224,158018
1023,1984517568,1985409001,891433
1059,1985410441,1985415433,4992
1088,1985417193,1985429897,12704
1044,1985431562,1985526571,95009
1020,1985528491,1986599734,1071243
1045,1986601206,1986719095,117889
1020,1986720471,1993658786,6938315
1046,1993660194,1993977157,316963
1026,1993978661,1997577964,3599303
1045,1997579628,1997697325,117697
1020,1997698829,1999302494,1603665
1059,1999303838,1999309822,5984
1061,1999311198,1999469600,158402
1023,1999471040,2000374282,903242
1059,2000375722,2000380842,5120
1088,2000382538,2000394954,12416
1044,2000396490,2000491531,95041
1020,2000493739,2001565910,1072171
1045,2001567255,2001685880,118625
1020,2001687384,2008625794,6938410
1046,2008627458,2008945830,318372
1026,2008947462,2012547276,3599814
1045,2012548876,2012666574,117698
1020,2012668014,2014271487,1603473
1059,2014273023,2014279103,6080
1061,2014280703,2014438849,158146
1023,2014440289,2015336682,896393
1059,2015338058,2015343210,5152
1088,2015344682,2015357450,12768
1044,2015359114,2015452076,92962
1020,2015453483,2016526039,1072556
1045,2016527511,2016644760,117249
1020,2016646168,2023582819,6936651
1046,2023584515,2023902438,317923
1026,2023903782,2027503245,3599463
1045,2027504845,2027622830,117985
1020,2027624110,2029228063,1603953
1059,2029229471,2029235519,6048
1061,2029236799,2029394593,157794
1023,2029396065,2030287978,891913
1059,2030289546,2030294634,5088
1088,2030296171,2030308683,12512
1044,2030310347,2030405996,95649
1020,2030407436,2031479351,1071915
1045,2031480663,2031600505,119842
1020,2031601848,2038539939,6938091
1046,2038541379,2038859814,318435
1026,2038861158,2042461069,3599911
1045,2042463085,2042582062,118977
1020,2042583438,2044186912,1603474
1059,2044188352,2044194335,5983
1061,2044195680,2044353953,158273
1023,2044355617,2045262219,906602
1059,2045263691,2045268875,5184
1088,2045270315,2045283051,12736
1044,2045284395,2045380684,96289
1020,2045382732,2046454168,1071436
1045,2046455864,2046573721,117857
1020,2046575065,2053512356,6937291
1046,2053513827,2053833095,319268
1026,2053834535,2057434414,3599879
1045,2057435790,2057554127,118337
1020,2057555567,2059159296,1603729
1059,2059161024,2059167136,6112
1061,2059168544,2059327458,158914
1023,2059329154,2060224364,895210
1059,2060226091,2060231244,5153
1088,2060232747,2060245516,12769
1044,2060246828,2060341741,94913
1020,2060343597,2061415384,1071787
1045,2061416984,2061535226,118242
1020,2061536921,2068474532,6937611
1046,2068476228,2068794215,317987
1026,2068795815,2072397358,3601543
1047,2072398766,2072528751,129985
1028,2072530223,2072538288,8065
1029,2072539568,2073183959,644391
1030,2073185654,2073197943,12289
1073,2073224695,2073232887,8192
1075,2073267031,2073442329,175298
1077,2073443961,2073584411,140450
1079,2073586043,2073633403,47360
1081,2073634779,2073641659,6880
1083,2073661308,2073664763,3455
1085,2073682972,2073686460,3488
1053,2079175926,2079178903,2977
1042,2079476922,2079702204,225282
1020,2079703900,2081307534,1603634
1059,2081309069,2081315054,5985
1061,2081316654,2081476111,159457
1023,2081477775,2082380153,902378
1059,2082381817,2082387097,5280
1088,2082388505,2082402393,13888
1044,2082403833,2082519066,115233
1020,2082521499,2083593862,1072363
1045,2083595302,2083712839,117537
1020,2083714503,2090651249,6936746
1064,2090518096,2090521072,2976
1064,2090528144,2090530801,2657
1064,2090532113,2090534928,2815
1064,2090549649,2090552689,3040
1067,2090554321,2090557969,3648
1064,2090559377,2090561969,2592
1064,2090570929,2090573553,2624
1064,2090575249,2090577809,2560
1064,2090591057,2090594033,2976
1067,2090596465,2090600017,3552
1064,2090601585,2090604209,2624
1064,2090612721,2090615281,2560
1064,2090616849,2090619409,2560
1064,2090632913,2090635890,2977
1067,2090637266,2090640498,3232
1046,2090652850,2090971445,318595
1069,2090963349,2090970965,7616
1071,2090983637,2090986645,3008
1026,2090984277,2094583452,3599175
1045,2094584924,2094703197,118273
1020,2094704573,2096308206,1603633
1059,2096309966,2096315886,5920
1061,2096317614,2096475728,158114
1023,2096477232,2097387578,910346
1059,2097389370,2097394298,4928
1088,2097395674,2097409434,13760
1044,2097410938,2097527771,116833
1020,2097529916,2098602055,1072139
1045,2098603623,2098720584,116961
1020,2098722216,2105658419,6936203
1046,2105659859,2105978454,318595
1026,2105979830,2109579069,3599239
1045,2109580509,2109699294,118785
1020,2109700766,2111304463,1603697
1059,2111306095,2111312143,6048
1061,2111313391,2111471729,158338
1023,2111473073,2112369211,896138
1059,2112370971,2112375994,5023
1088,2112377499,2112391291,13792
1044,2112392923,2112508956,116033
1020,2112510812,2113582632,1071820
1045,2113584296,2113703017,118721
1020,2113704713,2120642387,6937674
1046,2120643827,2120962551,318724
1026,2120964247,2124563613,3599366
1045,2124565341,2124683518,118177
1020,2124685151,2126288464,1603313
1059,2126290000,2126296016,6016
1061,2126297360,2126455473,158113
1023,2126456818,2127355355,898537
1059,2127357083,2127362043,4960
1088,2127363419,2127377116,13697
1044,2127378811,2127496189,117378
1020,2127498173,2128570280,1072107
1045,2128571976,2128690026,118050
1020,2128691721,2135628468,6936747
1046,2135630164,2135949687,319523
1026,2135951352,2139551038,3599686
1045,2139552606,2139671007,118401
1020,2139672415,2141275729,1603314
1059,2141277329,2141283249,5920
1061,2141284753,2141442770,158017
1023,2141444178,2142343260,899082
1059,2142344956,2142350172,5216
1088,2142351644,2142365404,13760
1044,2142367004,2142482269,115265
1020,2142484125,2143556649,1072524
1045,2143558089,2143676618,118529
1020,2143678154,2150616532,6938378
1046,2150617973,2150936376,318403
1026,2150938008,2154537919,3599911
1045,2154539647,2154657472,117825
1020,2154658976,2156261873,1602897
1059,2156263377,2156269297,5920
1061,2156270705,2156428787,158082
1023,2156430451,2157326172,895721
1059,2157327645,2157332605,4960
1088,2157333981,2157347741,13760
1044,2157349373,2157466462,117089
1020,2157468638,2158540394,1071756
1045,2158542122,2158660747,118625
1020,2158662059,2165599190,6937131
1046,2165600501,2165918521,318020
1026,2165919897,2169519551,3599654
1045,2169521216,2169639232,118016
1020,2169640929,2171244370,1603441
1059,2171246034,2171251922,5888
1061,2171253394,2171411188,157794
1023,2171412564,2172304733,892169
1059,2172306493,2172311453,4960
1088,2172312829,2172326493,13664
1044,2172327806,2172444223,116417
1020,2172446175,2173517962,1071787
1045,2173519594,2173637579,117985
1020,2173639244,2180576342,6937098
1046,2180578070,2180895993,317923
1026,2180897977,2184498304,3600327
1045,2184499968,2184618241,118273
1020,2184619521,2186223218,1603697
1059,2186224882,2186230995,6113
1061,2186232658,2186390580,157922
1023,2186392052,2187279230,887178
1059,2187280702,2187285694,4992
1088,2187287390,2187300990,13600
1044,2187302366,2187418335,115969
1020,2187420383,2188492811,1072428
1045,2188494475,2188612876,118401
1020,2188614444,2195551767,6937323
1046,2195553462,2195872314,318852
1026,2195873658,2199473473,3599815
1045,2199474881,2199593186,118305
1020,2199594530,2201198419,1603889
1059,2201200147,2201206099,5952
1061,2201207443,2201365909,158466
1023,2201367541,2202273247,905706
1059,2202274590,2202279743,5153
1088,2202281375,2202295071,13696
1044,2202296831,2202411328,114497
1020,2202413600,2203485228,1071628
1045,2203486700,2203604525,117825
1020,2203605997,2210542487,6936490
1046,2210543831,2210861627,317796
1026,2210863035,2214462145,3599110
1045,2214463489,2214581699,118210
1020,2214583139,2216186228,1603089
1059,2216187956,2216193876,5920
1061,2216195572,2216353302,157730
1023,2216354806,2217255007,900201
1059,2217256415,2217261375,4960
1088,2217262687,2217276479,13792
1044,2217278079,2217394657,116578
1020,2217396929,2218469004,1072075
1045,2218470348,2218587694,117346
1020,2218589102,2225526040,6936938
1046,2225527672,2225844123,316451
1026,2225845499,2229445218,3599719
1045,2229446850,2229565347,118497
1020,2229567043,2231170740,1603697
1059,2231172340,2231178388,6048
1061,2231179701,2231337718,158017
1023,2231339350,2232241664,902314
1059,2232243168,2232248128,4960
1088,2232249664,2232263872,14208
1044,2232265376,2232384258,118882
1020,2232386498,2233458733,1072235
1045,2233460333,2233578446,118113
1020,2233580110,2240517369,6937259
1046,2240518777,2240837980,319203
1026,2240839356,2244440195,3600839
1045,2244441891,2244560708,118817
1020,2244562148,2246165813,1603665
1059,2246167253,2246173173,5920
1061,2246174645,2246332247,157602
1023,2246333719,2247238625,904906
1059,2247240065,2247245249,5184
1088,2247246849,2247260577,13728
1044,2247262273,2247378530,116257
1020,2247380515,2248452558,1072043
1045,2248454030,2248572367,118337
1020,2248574063,2255513273,6939210
1046,2255515002,2255833405,318403
1026,2255835101,2259435428,3600327
1045,2259437028,2259554725,117697
1020,2259556389,2261160182,1603793
1059,2261161494,2261167414,5920
1061,2261168918,2261326968,158050
1023,2261328344,2262220450,892106
1059,2262221921,2262226881,4960
1088,2262228258,2262241986,13728
1044,2262243618,2262358307,114689
1020,2262360643,2263432655,1072012
1045,2263434286,2263552688,118402
1020,2263554064,2270490938,6936874
1046,2270492698,2270811870,319172
1026,2270813566,2274413765,3600199
1045,2274415397,2274532934,117537
1020,2274534886,2276139159,1604273
1059,2276140855,2276146743,5888
1061,2276148183,2276306233,158050
1023,2276307641,2277192642,885001
1059,2277194338,2277199490,5152
1088,2277201058,2277214787,13729
1044,2277216450,2277333604,117154
1020,2277335844,2278408431,1072587
1045,2278409839,2278528625,118786
1020,2278530257,2285467547,6937290
1046,2285468891,2285788286,319395
1026,2285789726,2289389605,3599879
1045,2289390949,2289509511,118562
1020,2289510886,2291114296,1603410
1059,2291116024,2291122136,6112
1061,2291123704,2291281946,158242
1023,2291283641,2292191939,908298
1059,2292193603,2292198787,5184
1088,2292200259,2292214051,13792
1044,2292215684,2292332069,116385
1020,2292334149,2293405712,1071563
1045,2293407408,2293526194,118786
1020,2293527569,2300465372,6937803
1046,2300466908,2300787711,320803
1026,2300789055,2304389510,3600455
1045,2304390918,2304508999,118081
1020,2304510279,2306114201,1603922
1059,2306115545,2306121656,6111
1061,2306123289,2306281882,158593
1023,2306283578,2307185028,901450
1059,2307186628,2307191556,4928
1088,2307192932,2307206724,13792
1044,2307208196,2307325798,117602
1020,2307327749,2308399665,1071916
1045,2308400977,2308518546,117569
1020,2308519858,2315457309,6937451
1046,2315458685,2315777216,318531
1026,2315778912,2319378695,3599783
1045,2319380199,2319497864,117665
1020,2319499272,2321103513,1604241
1059,2321104889,2321110810,5921
1061,2321112217,2321270267,158050
1023,2321271547,2322168997,897450
1059,2322170725,2322175781,5056
1088,2322177477,2322191397,13920
1044,2322192805,2322310118,117313
1020,2322312070,2323384242,1072172
1045,2323385650,2323503827,118177
1020,2323505811,2330443454,6937643
1046,2330445085,2330763009,317924
1026,2330764353,2334364456,3600103
1045,2334366120,2334483561,117441
1020,2334485193,2336088666,1603473
1059,2336090202,2336096250,6048
1061,2336097722,2336255612,157890
1023,2336257052,2337155142,898090
1059,2337156582,2337161574,4992
1088,2337163270,2337177190,13920
1044,2337178502,2337296359,117857
1020,2337298599,2338371186,1072587
1045,2338372786,2338490612,117826
1020,2338491956,2345430206,6938250
1046,2345431582,2345746882,315300
1026,2345748354,2349348232,3599878
1045,2349349577,2349468138,118561
1020,2349469578,2351073563,1603985
1059,2351075227,2351081339,6112
1061,2351083003,2351241149,158146
1023,2351242557,2352147622,905065
1059,2352149159,2352154439,5280
1088,2352155975,2352169767,13792
1044,2352171463,2352288488,117025
1020,2352290376,2353362452,1072076
1045,2353363924,2353482805,118881
1020,2353484437,2360422239,6937802
1046,2360423743,2360740259,316516
1026,2360741891,2364342633,3600742
1045,2364344073,2364462315,118242
1020,2364463979,2366067740,1603761
1059,2366069116,2366075036,5920
1061,2366076508,2366234846,158338
1023,2366236254,2367129447,893193
1059,2367130887,2367135815,4928
1088,2367137223,2367151176,13953
1044,2367152519,2367271209,118690
1020,2367273417,2368345460,1072043
1045,2368346932,2368465366,118434
1020,2368467029,2375404832,6937803
1046,2375406208,2375724388,318180
1026,2375726083,2379325802,3599719
1045,2379327466,2379446635,119169
1020,2379448011,2381051965,1603954
1059,2381053565,2381059453,5888
1061,2381060989,2381219390,158401
1023,2381220958,2382112520,891562
1059,2382114312,2382119304,4992
1088,2382121064,2382134984,13920
1044,2382136360,2382251850,115490
1020,2382253801,2383326005,1072204
1045,2383327477,2383444854,117377
1020,2383446518,2390383873,6937355
1046,2390385345,2390701956,316611
1026,2390703300,2394303179,3599879
1045,2394304587,2394423212,118625
1020,2394424908,2396029021,1604113
1059,2396030461,2396036381,5920
1061,2396037725,2396195615,157890
1023,2396197023,2397092233,895210
1059,2397093769,2397098857,5088
1088,2397100585,2397114281,13696
1044,2397115817,2397232106,116289
1020,2397234090,2398306230,1072140
1045,2398307894,2398426423,118529
1020,2398427799,2405365601,6937802
1046,2405367169,2405687493,320324
1026,2405688965,2409288972,3600007
1045,2409290603,2409408461,117858
1020,2409409997,2411013470,1603473
1059,2411014782,2411020734,5952
1061,2411022142,2411179456,157314
1023,2411180928,2412080394,899466
1059,2412081994,2412087018,5024
1088,2412088745,2412102506,13761
1044,2412104138,2412220587,116449
1020,2412222859,2413294550,1071691
1045,2413296279,2413414968,118689
1020,2413416696,2420354242,6937546
1046,2420355938,2420674726,318788
1026,2420676390,2424276492,3600102
1045,2424277901,2424396078,118177
1020,2424397486,2426001087,1603601
1059,2426002655,2426008543,5888
1061,2426009983,2426168321,158338
1023,2426170017,2427074283,904266
1059,2427076011,2427080939,4928
1088,2427082314,2427096267,13953
1044,2427097611,2427213900,116289
1020,2427215468,2428287671,1072203
1045,2428288984,2428407641,118657
1020,2428409145,2435346307,6937162
1046,2435347971,2435667015,319044
1026,2435668519,2439267917,3599398
1045,2439269453,2439387919,118466
1020,2439389359,2440992576,1603217
1059,2440994080,2441000000,5920
1061,2441001376,2441159650,158274
1023,2441161090,2442058379,897289
1059,2442060139,2442065067,4928
1088,2442066411,2442080396,13985
1044,2442081739,2442199181,117442
1020,2442201645,2443273144,1071499
1045,2443274680,2443392473,117793
1020,2443394106,2450331172,6937066
1046,2450332740,2450651335,318595
1026,2450653000,2454252334,3599334
1045,2454253934,2454371855,117921
1020,2454373263,2455976289,1603026
1059,2455977760,2455983809,6049
1061,2455985249,2456142946,157697
1023,2456144674,2457056076,911402
1059,2457057548,2457062668,5120
1088,2457064172,2457077932,13760
1044,2457079436,2457196398,116962
1020,2457198350,2458270329,1071979
1045,2458271737,2458389627,117890
1020,2458391290,2465328805,6937515
1046,2465330181,2465650729,320548
1026,2465652424,2469252975,3600551
1045,2469254479,2469372080,117601
1020,2469373392,2470976897,1603505
1059,2470978369,2470984354,5985
1061,2470985730,2471143331,157601
1023,2471144803,2472054925,910122
1059,2472056461,2472061389,4928
1088,2472062765,2472076717,13952
1044,2472078029,2472192687,114658
1020,2472194735,2473267066,1072331
1045,2473268730,2473386427,117697
1020,2473388091,2480325830,6937739
1046,2480327142,2480645929,318787
1026,2480647241,2484247472,3600231
1045,2484249104,2484367601,118497
1020,2484369009,2485972674,1603665
1059,2485974178,2485980099,5921
1061,2485981539,2486140068,158529
1023,2486141732,2487039150,897418
1059,2487040910,2487046030,5120
1088,2487047534,2487061198,13664
1044,2487062478,2487178671,116193
1020,2487180687,2488252571,1071884
1045,2488253915,2488373564,119649
1020,2488375260,2495313543,6938283
1046,2495315143,2495636522,321379
1026,2495638314,2499238001,3599687
1045,2499239569,2499357682,118113
1020,2499358994,2500962723,1603729
1059,2500964387,2500970500,6113
1061,2500972227,2501130917,158690
1023,2501132421,2502031759,899338
1059,2502033263,2502038351,5088
1088,2502039919,2502053647,13728
1044,2502055183,2502173008,117825
1020,2502174992,2503247324,1072332
1045,2503248796,2503366653,117857
1020,2503368285,2510305383,6937098
1046,2510307015,2510624587,317572
1026,2510625931,2514225649,3599718
1045,2514227026,2514345555,118529
1020,2514347059,2515950692,1603633
1059,2515952036,2515957924,5888
1061,2515959364,2516116742,157378
1023,2516118086,2517012303,894217
1059,2517014031,2517019311,5280
1088,2517020783,2517034352,13569
1044,2517035696,2517151409,115713
1020,2517153457,2518226108,1072651
1045,2518227804,2518345854,118050
1020,2518347486,2525284040,6936554
1046,2525285640,2525604076,318436
1026,2525605388,2529205170,3599782
1045,2529206547,2529324980,118433
1020,2529326452,2530929573,1603121
1059,2530930949,2530936901,5952
1061,2530938373,2531096007,157634
1023,2531097703,2531987760,890057
1059,2531989232,2531994160,4928
1088,2531995568,2532009137,13569
1044,2532010544,2532126578,116034
1020,2532128530,2533200733,1072203
1045,2533202205,2533319967,117762
1020,2533321982,2540260041,6938059
1046,2540261705,2540579276,317571
1026,2540580652,2544180659,3600007
1045,2544182035,2544300052,118017
1020,2544301332,2545905574,1604242
1059,2545907238,2545913318,6080
1061,2545915014,2546072903,157889
1023,2546074663,2546968945,894282
1059,2546970545,2546975729,5184
1088,2546977169,2546990929,13760
1044,2546992497,2547109074,116577
1020,2547111314,2548183614,1072300
1045,2548184926,2548303423,118497
1020,2548305055,2555242858,6937803
1046,2555244170,2555562061,317891
1026,2555563629,2559164852,3601223
1047,2559166260,2559298613,132353
1028,2559300341,2559308533,8192
1029,2559310101,2559956860,646759
1030,2559958268,2559972925,14657
1073,2559997597,2560006461,8864
1075,2560040669,2560225247,184578
1077,2560226911,2560373633,146722
1079,2560375169,2560432353,57184
1081,2560433857,2560440738,6881
1083,2560460449,2560463906,3457
1085,2560482466,2560485986,3520
1053,2560662756,2560665892,3136
1042,2560840966,2560862598,21632
1029,2560878790,2560927111,48321
1059,2561061160,2561065864,4704
1088,2561068232,2561081448,13216
1044,2561082920,2561195466,112546
1063,2561197034,2561225962,28928
1045,2561227274,2561233578,6304
1029,2561234890,2561395660,160770
1046,2561397356,2561402060,4704
1063,2561403468,2561486701,83233
1045,2561488333,2561494669,6336
1029,2561496013,2561532653,36640
1059,2561534093,2561539405,5312
1088,2561540781,2561553997,13216
1044,2561555309,2561667854,112545
1063,2561669391,2561698863,29472
1045,2561700239,2561706607,6368
1029,2561707983,2561859153,151170
1046,2561860817,2561865713,4896
1063,2561867345,2561952146,84801
1045,2561953874,2561960274,6400
1029,2561961970,2561999314,37344
1059,2562000946,2562006066,5120
1088,2562007762,2562021234,13472
1044,2562022834,2562135412,112578
1063,2562136884,2562166356,29472
1045,2562167764,2562174164,6400
1029,2562175508,2562338774,163266
1046,2562340278,2562345078,4800
1063,2562346422,2562432023,85601
1045,2562433591,2562440055,6464
1029,2562441335,2562478871,37536
1059,2562480471,2562485495,5024
1088,2562486872,2562500023,13151
1044,2562501623,2562614105,112482
1063,2562615865,2562645817,29952
1045,2562647225,2562653849,6624
1029,2562655225,2562806715,151490
1046,2562808123,2562812859,4736
1063,2562814171,2562898588,84417
1045,2562899932,2562906524,6592
1029,2562907996,2562945148,37152
1059,2562946588,2562951612,5024
1088,2562952988,2562966461,13473
1044,2562967868,2563080446,112578
1063,2563082174,2563111294,29120
1045,2563112734,2563119230,6496
1029,2563120830,2563280384,159554
1046,2563282048,2563286816,4768
1063,2563288192,2563371937,83745
1045,2563373345,2563379745,6400
1029,2563381441,2563418561,37120
1059,2563420193,2563425313,5120
1088,2563426690,2563439874,13184
1044,2563441538,2563552867,111329
1063,2563554275,2563583747,29472
1045,2563585411,2563591811,6400
1029,2563593475,2563754629,161154
1046,2563756357,2563761189,4832
1063,2563762853,2563847558,84705
1045,2563848902,2563855334,6432
1029,2563856998,2563894343,37345
1059,2563895974,2563901159,5185
1088,2563902759,2563916199,13440
1044,2563917543,2564029000,111457
1063,2564030728,2564060168,29440
1045,2564061833,2564068136,6303
1029,2564069512,2564229802,160290
1046,2564231242,2564236074,4832
1063,2564237674,2564322443,84769
1045,2564324107,2564330507,6400
1029,2564331787,2564369132,37345
1059,2564370827,2564375948,5121
1088,2564377708,2564390636,12928
1044,2564392140,2564503981,111841
1063,2564505421,2564535117,29696
1045,2564536621,2564543149,6528
1029,2564544622,2564695951,151329
1046,2564697359,2564702191,4832
1063,2564703823,2564787696,83873
1045,2564789360,2564795824,6464
1029,2564797520,2564834992,37472
1059,2564836369,2564841361,4992
1088,2564842769,2564855857,13088
1044,2564857489,2564969362,111873
1063,2564970834,2564999922,29088
1045,2565001234,2565007827,6593
1029,2565009267,2565176084,166817
1046,2565177780,2565182452,4672
1063,2565183828,2565267765,83937
1045,2565269493,2565275926,6433
1029,2565277653,2565314390,36737
1059,2565316054,2565321334,5280
1088,2565322710,2565335894,13184
1044,2565337238,2565448919,111681
1063,2565450423,2565479672,29249
1045,2565481272,2565487800,6528
1029,2565489464,2565639289,149825
1046,2565640665,2565645977,5312
1063,2565647417,2565732282,84865
1045,2565733914,2565740570,6656
1029,2565741946,2565779355,37409
1059,2565780699,2565785691,4992
1088,2565787099,2565800411,13312
1044,2565801723,2565913276,111553
1063,2565915100,2565944508,29408
1045,2565945981,2565952509,6528
1029,2565954013,2566116062,162049
1046,2566117790,2566122686,4896
1063,2566124126,2566208384,84258
1045,2566209695,2566216000,6305
1029,2566217407,2566254560,37153
1059,2566255968,2566261056,5088
1088,2566262784,2566275808,13024
1044,2566277536,2566389569,112033
1063,2566391362,2566420994,29632
1045,2566422338,2566428834,6496
1029,2566430434,2566596484,166050
1046,2566598084,2566603076,4992
1063,2566604452,2566690725,86273
1045,2566692325,2566698821,6496
1029,2566700453,2566737957,37504
1059,2566739269,2566744517,5248
1088,2566746053,2566759333,13280
1044,2566760773,2566873286,112513
1063,2566874791,2566903815,29024
1045,2566905223,2566911687,6464
1029,2566913319,2567076457,163138
1046,2567077865,2567082889,5024
1063,2567084329,2567167754,83425
1045,2567169226,2567175690,6464
1029,2567177386,2567215082,37696
1059,2567216746,2567221994,5248
1088,2567223466,2567236490,13024
1044,2567238059,2567349676,111617
1063,2567351564,2567379948,28384
1045,2567381516,2567387884,6368
1029,2567389356,2567553422,164066
1046,2567555150,2567559982,4832
1063,2567561614,2567645487,83873
1045,2567646863,2567653199,6336
1029,2567654575,2567691919,37344
1059,2567693263,2567698255,4992
1088,2567699631,2567713008,13377
1044,2567714288,2567825777,111489
1063,2567827345,2567857457,30112
1045,2567859089,2567865713,6624
1029,2567867153,2568032083,164930
1046,2568033619,2568038515,4896
1063,2568039955,2568125812,85857
1045,2568127444,2568133876,6432
1029,2568135188,2568171765,36577
1059,2568173300,2568178420,5120
1088,2568180181,2568193301,13120
1044,2568194837,2568306614,111777
1063,2568308342,2568337270,28928
1045,2568338710,2568345142,6432
1029,2568346774,2568497304,150530
1046,2568498680,2568503704,5024
1063,2568505048,2568589497,84449
1045,2568590905,2568597433,6528
1029,2568599065,2568636698,37633
1059,2568638170,2568643161,4991
1088,2568644538,2568657786,13248
1044,2568659226,2568771803,112577
1063,2568773499,2568802747,29248
1045,2568804091,2568810715,6624
1029,2568812155,2568971229,159074
1046,2568972541,2568977341,4800
1063,2568979037,2569061374,82337
1045,2569062878,2569069502,6624
1029,2569070974,2569108063,37089
1059,2569109566,2569114526,4960
1088,2569115934,2569129087,13153
1044,2569130431,2569242016,111585
1063,2569243520,2569272736,29216
1045,2569274336,2569280768,6432
1029,2569282528,2569432098,149570
1046,2569433730,2569438498,4768
1063,2569440226,2569523651,83425
1045,2569525283,2569532163,6880
1029,2569533635,2569571396,37761
1059,2569572707,2569577764,5057
1088,2569579107,2569592324,13217
1044,2569593892,2569704261,110369
1063,2569705829,2569734693,28864
1045,2569736069,2569742533,6464
1029,2569744229,2569904615,160386
1046,2569906375,2569911303,4928
1063,2569912711,2569996872,84161
1045,2569998248,2570004808,6560
1029,2570006408,2570043464,37056
1059,2570044777,2570049960,5183
1088,2570051657,2570064873,13216
1044,2570066313,2570177738,111425
1063,2570179178,2570208234,29056
1045,2570209930,2570216330,6400
1029,2570217994,2570368716,150722
1046,2570370380,2570375404,5024
1063,2570376812,2570461229,84417
1045,2570462541,2570468845,6304
1029,2570470285,2570508590,38305
1059,2570509965,2570515150,5185
1088,2570516718,2570530062,13344
1044,2570531438,2570642831,111393
1063,2570644303,2570673839,29536
1045,2570675471,2570682287,6816
1029,2570683887,2570847377,163490
1046,2570848721,2570853585,4864
1063,2570855281,2570938578,83297
1045,2570939922,2570946354,6432
1029,2570948018,2570985011,36993
1059,2570986707,2570992051,5344
1088,2570993427,2571006515,13088
1044,2571007955,2571121172,113217
1063,2571122676,2571151892,29216
1045,2571153332,2571159925,6593
1029,2571161428,2571312118,150690
1046,2571313590,2571318518,4928
1063,2571320022,2571404055,84033
1045,2571405463,2571412055,6592
1029,2571413495,2571451416,37921
1059,2571452728,2571457752,5024
1088,2571459160,2571472408,13248
1044,2571473784,2571585529,111745
1063,2571587193,2571616377,29184
1045,2571617785,2571624409,6624
1029,2571625818,2571779611,153793
1046,2571781115,2571785979,4864
1063,2571787483,2571872060,84577
1045,2571873372,2571879708,6336
1029,2571881084,2571918621,37537
1059,2571920124,2571925341,5217
1088,2571926845,2571939997,13152
1044,2571941565,2572053182,111617
1063,2572054558,2572083998,29440
1045,2572085663,2572092191,6528
1029,2572093631,2572243744,150113
1046,2572245440,2572250368,4928
1063,2572251808,2572335169,83361
1045,2572336513,2572342817,6304
1029,2572344257,2572381889,37632
1059,2572383586,2572388577,4991
1088,2572390017,2572403074,13057
1044,2572404738,2572517539,112801
1063,2572519043,2572548547,29504
1045,2572550083,2572556324,6241
1029,2572557764,2572719557,161793
1046,2572720965,2572725701,4736
1063,2572727109,2572810406,83297
1045,2572812102,2572818694,6592
1029,2572820134,2572856935,36801
1059,2572858631,2572863623,4992
1088,2572864999,2572878055,13056
1044,2572879495,2572991624,112129
1063,2572993032,2573021960,28928
1045,2573023880,2573030537,6657
1029,2573032232,2573198826,166594
1046,2573200554,2573205354,4800
1063,2573206987,2573290795,83808
1045,2573292235,2573298731,6496
1029,2573300396,2573338028,37632
1059,2573339532,2573344652,5120
1088,2573346348,2573359532,13184
1044,2573361004,2573472301,111297
1063,2573474061,2573503213,29152
1045,2573504622,2573510958,6336
1029,2573512334,2573678863,166529
1046,2573680560,2573685296,4736
1063,2573686608,2573771377,84769
1045,2573772849,2573779185,6336
1029,2573780817,2573818129,37312
1059,2573819761,2573824977,5216
1088,2573826673,2573839825,13152
1044,2573841297,2573953650,112353
1063,2573955218,2573983955,28737
1045,2573985395,2573991891,6496
1029,2573993523,2574155061,161538
1046,2574156437,2574161333,4896
1063,2574162805,2574246486,83681
1045,2574248118,2574254454,6336
1029,2574255862,2574294326,38464
1059,2574296054,2574301078,5024
1088,2574302486,2574315574,13088
1044,2574317238,2574429431,112193
1063,2574430904,2574459928,29024
1045,2574461272,2574467672,6400
1029,2574468952,2574618874,149922
1046,2574620218,2574625050,4832
1063,2574626714,2574711451,84737
1045,2574713178,2574719675,6497
1029,2574721211,2574758267,37056
1059,2574759963,2574765211,5248
1088,2574766651,2574779835,13184
1044,2574781211,2574895036,113825
1063,2574896541,2574926173,29632
1045,2574927773,2574934333,6560
1029,2574935901,2575096351,160450
1046,2575098047,2575102975,4928
1063,2575104415,2575189632,85217
1045,2575191360,2575197728,6368
1029,2575199072,2575236640,37568
1059,2575238208,2575243200,4992
1088,2575244608,2575257729,13121
1044,2575259360,2575370497,111137
1063,2575372258,2575401986,29728
1045,2575403426,2575409858,6432
1029,2575411554,2575562148,150594
1046,2575563780,2575568740,4960
1063,2575570148,2575653893,83745
1045,2575655461,2575661989,6528
1029,2575663621,2575700101,36480
1059,2575701413,2575706405,4992
1088,2575707845,2575721029,13184
1044,2575722469,2575834022,111553
1063,2575835431,2575864551,29120
1045,2575865959,2575872391,6432
1029,2575874055,2576037737,163682
1046,2576039081,2576044009,4928
1063,2576045417,2576129962,84545
1047,2576131434,2576137098,5664
1028,2576138730,2576145514,6784
1029,2576147242,2576789169,641927
1030,2576790897,2576805201,14304
1073,2576830321,2576839249,8928
1075,2576872338,2577055380,183042
1077,2577056916,2577202997,146081
1079,2577204501,2577261046,56545
1081,2577262486,2577269526,7040
1083,2577289078,2577292534,3456
1085,2577311479,2577314967,3488
1053,2577415991,2577419128,3137
1042,2577516633,2577538425,21792
1029,2577542361,2577590426,48065
1059,2577610298,2577615098,4800
1088,2577616666,2577630138,13472
1044,2577631546,2577743387,111841
1063,2577744923,2577774396,29473
1045,2577775739,2577782204,6465
1029,2577783835,2577945821,161986
1046,2577947133,2577952029,4896
1063,2577953661,2578037374,83713
1045,2578038686,2578045214,6528
1029,2578046686,2578083359,36673
1059,2578084703,2578089695,4992
1088,2578091103,2578104255,13152
1044,2578105631,2578218144,112513
1063,2578219584,2578249249,29665
1045,2578250720,2578256993,6273
1029,2578258433,2578408770,150337
1046,2578410370,2578415394,5024
1063,2578416834,2578501027,84193
1045,2578502467,2578509059,6592
1029,2578510499,2578548196,37697
1059,2578549572,2578554564,4992
1088,2578556228,2578569348,13120
1044,2578570692,2578682309,111617
1063,2578683813,2578713125,29312
1045,2578714630,2578720902,6272
1029,2578722373,2578887047,164674
1046,2578888520,2578893768,5248
1063,2578895240,2578981769,86529
1045,2578983240,2578989960,6720
1029,2578991657,2579028969,37312
1059,2579030569,2579035625,5056
1088,2579037001,2579049993,12992
1044,2579051337,2579163530,112193
1063,2579164938,2579194315,29377
1045,2579195755,2579202379,6624
1029,2579203787,2579365644,161857
1046,2579367084,2579372077,4993
1063,2579373421,2579458478,85057
1045,2579459822,2579466542,6720
1029,2579467853,2579505646,37793
1059,2579507054,2579512078,5024
1088,2579513518,2579526798,13280
1044,2579528174,2579640080,111906
1063,2579641840,2579671376,29536
1045,2579672816,2579679184,6368
1029,2579680528,2579839570,159042
1046,2579840914,2579845810,4896
1063,2579847314,2579930483,83169
1045,2579931763,2579938579,6816
1029,2579940307,2579977459,37152
1059,2579979155,2579984147,4992
1088,2579985523,2579998803,13280
1044,2580000179,2580112116,111937
1063,2580113876,2580143221,29345
1045,2580144917,2580151381,6464
1029,2580152853,2580312151,159298
1046,2580313495,2580318327,4832
1063,2580319991,2580404728,84737
1045,2580406104,2580412600,6496
1029,2580414136,2580451256,37120
1059,2580452600,2580457592,4992
1088,2580458968,2580472120,13152
1044,2580473529,2580585850,112321
1063,2580587546,2580616698,29152
1045,2580618394,2580624986,6592
1029,2580626458,2580780220,153762
1046,2580781980,2580786908,4928
1063,2580788316,2580873149,84833
1045,2580874813,2580881149,6336
1029,2580882493,2580919421,36928
1059,2580921085,2580926045,4960
1088,2580927421,2580940573,13152
1044,2580942173,2581056447,114274
1063,2581058079,2581087327,29248
1045,2581088831,2581095199,6368
1029,2581096927,2581255425,158498
1046,2581256769,2581261825,5056
1063,2581263137,2581346114,82977
1045,2581347522,2581354018,6496
1029,2581355650,2581393122,37472
1059,2581394562,2581399778,5216
1088,2581401378,2581414595,13217
1044,2581416258,2581528068,111810
1063,2581529860,2581558980,29120
1045,2581560676,2581567044,6368
1029,2581568740,2581725286,156546
1046,2581726950,2581732038,5088
1063,2581733350,2581817415,84065
1045,2581818727,2581825095,6368
1029,2581826503,2581863111,36608
1059,2581864839,2581869895,5056
1088,2581871655,2581884839,13184
1044,2581886248,2581997449,111201
1063,2581999209,2582028201,28992
1045,2582029545,2582035945,6400
1029,2582037641,2582197483,159842
1046,2582198891,2582203659,4768
1063,2582205003,2582289644,84641
1045,2582291084,2582297644,6560
1029,2582299148,2582336940,37792
1059,2582338380,2582343404,5024
1088,2582344748,2582357869,13121
1044,2582359469,2582471118,111649
1063,2582472782,2582502030,29248
1045,2582503342,2582509710,6368
1029,2582511118,2582675440,164322
1046,2582676848,2582681584,4736
1063,2582683312,2582767409,84097
1045,2582769105,2582775569,6464
1029,2582777137,2582814609,37472
1059,2582815922,2582821074,5152
1088,2582822737,2582835922,13185
1044,2582837362,2582950355,112993
1063,2582952019,2582981716,29697
1045,2582983156,2582989619,6463
1029,2582991219,2583140501,149282
1046,2583142261,2583147221,4960
1063,2583148565,2583234550,85985
1045,2583235990,2583242422,6432
1029,2583244086,2583281367,37281
1059,2583283030,2583288055,5025
1088,2583289495,2583302551,13056
1044,2583304247,2583415640,111393
1063,2583417368,2583446488,29120
1045,2583448152,2583455097,6945
1029,2583456472,2583608474,152002
1046,2583610074,2583615130,5056
1063,2583616442,2583702779,86337
1045,2583704475,2583710971,6496
1029,2583712667,2583750172,37505
1059,2583751835,2583756828,4993
1088,2583758236,2583771356,13120
1044,2583772892,2583884477,111585
1063,2583885981,2583915229,29248
1045,2583916829,2583923517,6688
1029,2583924893,2584081503,156610
1046,2584083167,2584088095,4928
1063,2584089727,2584174432,84705
1045,2584176128,2584182496,6368
1029,2584184256,2584222208,37952
1059,2584223905,2584229089,5184
1088,2584230593,2584243905,13312
1044,2584245505,2584357890,112385
1063,2584359586,2584389058,29472
1045,2584390498,2584397123,6625
1029,2584398595,2584555172,156577
1046,2584556580,2584561476,4896
1063,2584562980,2584647749,84769
1045,2584649221,2584655557,6336
1029,2584656901,2584693958,37057
1059,2584695526,2584700550,5024
1088,2584701926,2584715046,13120
1044,2584716678,2584829063,112385
1063,2584830759,2584860103,29344
1045,2584861736,2584868391,6655
1029,2584869736,2585037609,167873
1046,2585039081,2585043786,4705
1063,2585045097,2585128234,83137
1045,2585129930,2585136426,6496
1029,2585138058,2585175467,37409
1059,2585176811,2585181931,5120
1088,2585183659,2585196843,13184
1044,2585198283,2585310285,112002
1063,2585311756,2585341389,29633
1045,2585342701,2585349197,6496
1029,2585350765,2585515022,164257
1046,2585516462,2585521327,4865
1063,2585522959,2585606448,83489
1045,2585608079,2585614608,6529
1029,2585616239,2585653552,37313
1059,2585655184,2585660336,5152
1088,2585662000,2585675088,13088
1044,2585676656,2585787954,111298
1063,2585790001,2585819314,29313
1045,2585820978,2585827506,6528
1029,2585829106,2585980724,151618
1046,2585982387,2585987412,5025
1063,2585988852,2586073109,84257
1045,2586074484,2586080852,6368
1029,2586082197,2586119797,37600
1059,2586121461,2586126453,4992
1088,2586127829,2586141141,13312
1044,2586142421,2586254071,111650
1063,2586255479,2586284535,29056
1045,2586286007,2586292471,6464
1029,2586294167,2586455513,161346
1046,2586457017,2586461881,4864
1063,2586463481,2586548857,85376
1045,2586550618,2586557018,6400
1029,2586558650,2586595674,37024
1059,2586597274,2586602298,5024
1088,2586603674,2586616794,13120
1044,2586618427,2586730428,112001
1063,2586731835,2586761148,29313
1045,2586762780,2586769180,6400
1029,2586770908,2586922621,151713
1046,2586924126,2586928958,4832
1063,2586930590,2587014527,83937
1045,2587016670,2587023103,6433
1029,2587024383,2587061695,37312
1059,2587063039,2587068191,5152
1088,2587069951,2587083327,13376
1044,2587084991,2587198017,113026
1063,2587199745,2587228769,29024
1045,2587230401,2587236929,6528
1029,2587238401,2587403619,165218
1046,2587405219,2587410115,4896
1063,2587411715,2587494340,82625
1045,2587496036,2587502468,6432
1029,2587504228,2587540708,36480
1059,2587542372,2587547396,5024
1088,2587548740,2587561796,13056
1044,2587563493,2587675270,111777
1063,2587676678,2587705766,29088
1045,2587707174,2587713702,6528
1029,2587715302,2587865352,150050
1046,2587866760,2587871464,4704
1063,2587872872,2587956745,83873
1045,2587958441,2587965193,6752
1029,2587966889,2588004425,37536
1059,2588005833,2588010825,4992
1088,2588012201,2588025257,13056
1044,2588026921,2588140235,113314
1063,2588141675,2588171019,29344
1045,2588172363,2588178699,6336
1029,2588180075,2588342893,162818
1046,2588344333,2588349197,4864
1063,2588350829,2588436110,85281
1045,2588437614,2588444046,6432
1029,2588445710,2588482606,36896
1059,2588483918,2588488911,4993
1088,2588490254,2588503375,13121
1044,2588505039,2588616432,111393
1063,2588618224,2588647376,29152
1045,2588649040,2588655408,6368
1029,2588657104,2588806994,149890
1046,2588808434,2588813522,5088
1063,2588815186,2588899347,84161
1045,2588900755,2588907187,6432
1029,2588908499,2588946003,37504
1059,2588947667,2588952691,5024
1088,2588954099,2588967220,13121
1044,2588968852,2589080821,111969
1063,2589082581,2589111989,29408
1045,2589113429,2589119637,6208
1029,2589121237,2589284791,163554
1046,2589286103,2589290871,4768
1063,2589292183,2589376600,84417
1045,2589378328,2589384856,6528
1029,2589386552,2589423417,36865
1059,2589425080,2589430200,5120
1088,2589431865,2589445017,13152
1044,2589446649,2589558618,111969
1063,2589560090,2589588986,28896
1045,2589590586,2589597018,6432
1029,2589598586,2589761052,162466
1046,2589762652,2589767676,5024
1063,2589769116,2589853533,84417
1045,2589855005,2589861533,6528
1029,2589863165,2589900350,37185
1059,2589901918,2589907134,5216
1088,2589908574,2589921918,13344
1044,2589923230,2590035135,111905
1063,2590036575,2590066367,29792
1045,2590068031,2590074431,6400
1029,2590075808,2590241665,165857
1046,2590243425,2590248193,4768
1063,2590249857,2590334050,84193
1045,2590335714,2590342082,6368
1029,2590343682,2590380899,37217
1059,2590382499,2590387491,4992
1088,2590388867,2590402019,13152
1044,2590403619,2590516132,112513
1063,2590517636,2590547044,29408
1045,2590548549,2590555045,6496
1029,2590556677,2590718406,161729
1046,2590719782,2590724550,4768
1063,2590725830,2590810663,84833
1045,2590812263,2590818631,6368
1029,2590819976,2590857736,37760
1059,2590859144,2590864520,5376
1088,2590865896,2590878888,12992
1044,2590880264,2590991849,111585
1063,2590993641,2591023178,29537
1045,2591024554,2591031018,6464
1029,2591032618,2591188875,156257
1046,2591190219,2591195020,4801
1063,2591196683,2591280813,84130
1045,2591282796,2591289324,6528
1029,2591290989,2591327853,36864
1059,2591329485,2591334477,4992
1088,2591335885,2591349421,13536
1044,2591350829,2591462798,111969
1063,2591464271,2591493487,29216
1045,2591495118,2591501551,6433
1029,2591503247,2591653968,150721
1046,2591655664,2591660497,4833
1063,2591662128,2591746097,83969
1045,2591747569,2591753937,6368
1029,2591755282,2591792722,37440
1059,2591794194,2591799186,4992
1088,2591800530,2591813778,13248
1044,2591815378,2591926867,111489
1063,2591928243,2591958260,30017
1045,2591959892,2591966196,6304
1029,2591967604,2592127701,160097
1046,2592129398,2592134358,4960
1063,2592135798,2592220310,84512
1045,2592222039,2592228567,6528
1029,2592230070,2592266775,36705
1059,2592268439,2592273623,5184
1088,2592275255,2592288279,13024
1044,2592289975,2592401048,111073
1063,2592402488,2592431929,29441
1045,2592433593,2592440089,6496
1029,2592441721,2592609754,168033
1046,2592611131,2592615899,4768
1063,2592617563,2592703004,85441
1047,2592704348,2592709916,5568
1028,2592711484,2592718044,6560
1029,2592719612,2593360802,641190
1030,2593362307,2593376867,14560
1073,2593401891,2593410851,8960
1075,2593443908,2593625573,181665
1077,2593627014,2593772871,145857
1079,2593774311,2593831112,56801
1081,2593832552,2593839432,6880
1083,2593851816,2593855240,3424
1085,2593873032,2593876712,3680
1053,2593966921,2593970057,3136
1042,2594058026,2594079370,21344
1029,2594080843,2594129099,48256
1059,2594130603,2594135275,4672
1088,2594136683,2594150219,13536
1044,2594151627,2594263948,112321
1063,2594265324,2594294765,29441
1045,2594296141,2594302541,6400
1029,2594304237,2594464879,160642
1046,2594466638,2594471503,4865
1063,2594472975,2594555567,82592
1045,2594557007,2594563376,6369
1029,2594564816,2594601712,36896
1059,2594603120,2594608144,5024
1088,2594609840,2594623024,13184
1044,2594624496,2594737745,113249
1063,2594739505,2594769362,29857
1045,2594770770,2594777042,6272
1029,2594778386,2594946132,167746
1046,2594947508,2594952244,4736
1063,2594953588,2595037749,84161
1045,2595039253,2595045589,6336
1029,2595047029,2595085557,38528
1059,2595087093,2595092085,4992
1088,2595093813,2595106805,12992
1044,2595108501,2595220918,112417
1063,2595222647,2595252407,29760
1045,2595253911,2595260247,6336
1029,2595261687,2595417561,155874
1046,2595419257,2595424249,4992
1063,2595425689,2595511578,85889
1045,2595512986,2595519642,6656
1029,2595521050,2595558650,37600
1059,2595560090,2595565338,5248
1088,2595566810,2595579963,13153
1044,2595581434,2595693180,111746
1063,2595694524,2595724156,29632
1045,2595725756,2595732444,6688
1029,2595733852,2595893534,159682
1046,2595895038,2595899806,4768
1063,2595901502,2595986271,84769
1045,2595987711,2595994207,6496
1029,2595995711,2596033119,37408
1059,2596034623,2596039743,5120
1088,2596041439,2596054496,13057
1044,2596056160,2596166913,110753
1063,2596168705,2596197985,29280
1045,2596199489,2596205985,6496
1029,2596207457,2596368707,161250
1046,2596370051,2596375107,5056
1063,2596376451,2596460452,84001
1045,2596461828,2596468292,6464
1029,2596469604,2596506501,36897
1059,2596507876,2596513029,5153
1088,2596514757,2596528005,13248
1044,2596529381,2596642822,113441
1063,2596644262,2596673414,29152
1045,2596675142,2596681670,6528
1029,2596683014,2596842856,159842
1046,2596844232,2596849192,4960
1063,2596850632,2596934921,84289
1045,2596936233,2596942761,6528
1029,2596944457,2596981770,37313
1059,2596983242,2596988330,5088
1088,2596990058,2597003082,13024
1044,2597004778,2597116363,111585
1063,2597118123,2597147659,29536
1045,2597149004,2597155372,6368
1029,2597156715,2597306605,149890
1046,2597308237,2597313485,5248
1063,2597315021,2597400302,85281
1045,2597401710,2597408174,6464
1029,2597409838,2597446990,37152
1059,2597448367,2597453358,4991
1088,2597454735,2597467759,13024
1044,2597469423,2597581840,112417
1063,2597583248,2597612688,29440
1045,2597614320,2597620785,6465
1029,2597622480,2597782706,160226
1046,2597784114,2597789202,5088
1063,2597790802,2597875603,84801
1045,2597877139,2597883507,6368
1029,2597884819,2597922196,37377
1059,2597923828,2597928852,5024
1088,2597930228,2597943412,13184
1044,2597944884,2598056021,111137
1063,2598057653,2598086933,29280
1045,2598088373,2598094741,6368
1029,2598096469,2598253367,156898
1046,2598254775,2598259735,4960
1063,2598261175,2598344728,83553
1045,2598346040,2598352376,6336
1029,2598353720,2598391033,37313
1059,2598392664,2598397689,5025
1088,2598399161,2598412441,13280
1044,2598413785,2598525402,111617
1063,2598526778,2598555738,28960
1045,2598557306,2598563706,6400
1029,2598565371,2598731804,166433
1046,2598733244,2598737948,4704
1063,2598739292,2598823741,84449
1045,2598825213,2598831453,6240
1029,2598832990,2598870270,37280
1059,2598871806,2598877086,5280
1088,2598878494,2598891710,13216
1044,2598893150,2599004991,111841
1063,2599006463,2599035584,29121
1045,2599036896,2599043328,6432
1029,2599044640,2599212545,167905
1046,2599214050,2599219074,5024
1063,2599220482,2599304578,84096
1045,2599306019,2599312419,6400
1029,2599314179,2599351683,37504
1059,2599353251,2599358243,4992
1088,2599359619,2599372675,13056
1044,2599374339,2599486629,112290
1063,2599488101,2599518053,29952
1045,2599519557,2599526085,6528
1029,2599527621,2599686695,159074
1046,2599688135,2599692967,4832
1063,2599694503,2599778887,84384
1045,2599780327,2599786728,6401
1029,2599788424,2599825544,37120
1059,2599827176,2599832296,5120
1088,2599833960,2599847048,13088
1044,2599848712,2599961065,112353
1063,2599962602,2599991850,29248
1045,2599993194,2599999658,6464
1029,2600001226,2600155116,153890
1046,2600156460,2600161324,4864
1063,2600162956,2600246572,83616
1045,2600248269,2600254797,6528
1029,2600256301,2600296909,40608
1059,2600298349,2600303405,5056
1088,2600304813,2600317997,13184
1044,2600319437,2600431823,112386
1063,2600433423,2600462607,29184
1045,2600464143,2600470479,6336
1029,2600471759,2600631217,159458
1046,2600632881,2600637809,4928
1063,2600639281,2600723890,84609
1045,2600725234,2600731634,6400
1029,2600733010,2600770674,37664
1059,2600772114,2600777298,5184
1088,2600778866,2600791986,13120
1044,2600793651,2600905812,112161
1063,2600907572,2600936788,29216
1045,2600938260,2600944948,6688
1029,2600946324,2601110774,164450
1046,2601112118,2601116982,4864
1063,2601118678,2601203511,84833
1045,2601204887,2601211223,6336
1029,2601212599,2601249783,37184
1059,2601251479,2601256791,5312
1088,2601258167,2601271287,13120
1044,2601272920,2601385849,112929
1063,2601387353,2601416217,28864
1045,2601417657,2601423993,6336
1029,2601425401,2601590811,165410
1046,2601592315,2601597019,4704
1063,2601598363,2601684124,85761
1045,2601685660,2601692412,6752
1029,2601694076,2601731132,37056
1059,2601732445,2601737437,4992
1088,2601738813,2601751869,13056
1044,2601753533,2601865406,111873
1063,2601866942,2601896158,29216
1045,2601897950,2601904382,6432
1029,2601906047,2602073664,167617
1046,2602075328,2602080032,4704
1063,2602081344,2602164257,82913
1045,2602165665,2602172193,6528
1029,2602173825,2602210658,36833
1059,2602212034,2602217122,5088
1088,2602218882,2602231970,13088
1044,2602233506,2602344547,111041
1063,2602346115,2602375652,29537
1045,2602377220,2602383683,6463
1029,2602385188,2602544613,159425
1046,2602545989,2602550917,4928
1063,2602552390,2602635814,83424
1045,2602637286,2602643846,6560
1029,2602645542,2602683431,37889
1059,2602684839,2602689863,5024
1088,2602691239,2602704263,13024
1044,2602705959,2602817096,111137
1063,2602818472,2602846953,28481
1045,2602848393,2602854889,6496
1029,2602856393,2603014282,157889
1046,2603015690,2603020523,4833
1063,2603022283,2603107403,85120
1045,2603108811,2603115595,6784
1029,2603117259,2603155372,38113
1059,2603156716,2603161708,4992
1088,2603163084,2603176236,13152
1044,2603177868,2603290061,112193
1063,2603291437,2603321102,29665
1045,2603322478,2603329037,6559
1029,2603330574,2603493647,163073
1046,2603495087,2603499856,4769
1063,2603501519,2603585232,83713
1045,2603586833,2603593201,6368
1029,2603594545,2603631825,37280
1059,2603633489,2603638641,5152
1088,2603640305,2603653457,13152
1044,2603655089,2603766803,111714
1063,2603768498,2603797491,28993
1045,2603798867,2603805523,6656
1029,2603806867,2603968949,162082
1046,2603970292,2603975189,4897
1063,2603976660,2604058933,82273
1045,2604060341,2604066998,6657
1029,2604068342,2604104950,36608
1059,2604106646,2604111830,5184
1088,2604113430,2604126678,13248
1044,2604128054,2604240951,112897
1063,2604242711,2604272248,29537
1045,2604273752,2604280312,6560
1029,2604281720,2604450586,168866
1046,2604451866,2604456666,4800
1063,2604457978,2604541787,83809
1045,2604543195,2604549595,6400
1029,2604550971,2604588475,37504
1059,2604590139,2604595323,5184
1088,2604597051,2604610460,13409
1044,2604611995,2604724605,112610
1063,2604726045,2604755421,29376
1045,2604756925,2604763485,6560
1029,2604764925,2604915327,150402
1046,2604916703,2604921759,5056
1063,2604923135,2605009952,86817
1045,2605012032,2605018560,6528
1029,2605020064,2605057472,37408
1059,2605059168,2605064352,5184
1088,2605065856,2605078945,13089
1044,2605080576,2605192002,111426
1063,2605193570,2605222914,29344
1045,2605224418,2605230914,6496
1029,2605232610,2605382788,150178
1046,2605384196,2605389092,4896
1063,2605390596,2605473573,82977
1045,2605475301,2605481797,6496
1029,2605483301,2605520677,37376
1059,2605522309,2605527397,5088
1088,2605529125,2605542245,13120
1044,2605543878,2605655271,111393
1063,2605656806,2605686215,29409
1045,2605687815,2605694151,6336
1029,2605695495,2605845769,150274
1046,2605847241,2605852105,4864
1063,2605853609,2605938026,84417
1045,2605939402,2605946026,6624
1029,2605947434,2605983786,36352
1059,2605985290,2605990314,5024
1088,2605991754,2606004746,12992
1044,2606006283,2606119148,112865
1063,2606120940,2606150124,29184
1045,2606152396,2606159308,6912
1029,2606160588,2606309902,149314
1046,2606311214,2606315982,4768
1063,2606317326,2606401871,84545
1045,2606403503,2606409935,6432
1029,2606411311,2606448911,37600
1059,2606450351,2606455375,5024
1088,2606456751,2606469903,13152
1044,2606471536,2606582384,110848
1063,2606584176,2606613457,29281
1045,2606614865,2606621201,6336
1029,2606622545,2606776627,154082
1046,2606778290,2606783219,4929
1063,2606784851,2606869556,84705
1045,2606871059,2606877620,6561
1029,2606878996,2606916276,37280
1059,2606917588,2606922612,5024
1088,2606923924,2606937044,13120
1044,2606938709,2607050614,111905
1063,2607052310,2607081462,29152
1045,2607082774,2607089302,6528
1029,2607090966,2607241944,150978
1046,2607243416,2607248248,4832
1063,2607249848,2607337849,88001
1045,2607339577,2607345977,6400
1029,2607347673,2607385497,37824
1059,2607386937,2607391929,4992
1088,2607393337,2607406649,13312
1044,2607407994,2607519451,111457
1063,2607521019,2607550619,29600
1045,2607552571,2607558843,6272
1029,2607560251,2607723101,162850
1046,2607724541,2607729341,4800
1063,2607730973,2607815390,84417
1045,2607817054,2607823582,6528
1029,2607825182,2607862910,37728
1059,2607864510,2607869567,5057
1088,2607871007,2607884286,13279
1044,2607885886,2607997312,111426
1063,2607999104,2608028800,29696
1045,2608030752,2608037056,6304
1029,2608038400,2608205442,167042
1046,2608206914,2608211618,4704
1063,2608212994,2608296995,84001
1045,2608298659,2608305091,6432
1029,2608306435,2608343811,37376
1059,2608345475,2608350468,4993
1088,2608351843,2608365092,13249
1044,2608366468,2608478085,111617
1063,2608479781,2608509253,29472
1045,2608510725,2608517029,6304
1029,2608518437,2608684103,165666
1046,2608685479,2608690279,4800
1063,2608692007,2608775720,83713
1045,2608777384,2608783880,6496
1029,2608785512,2608822537,37025
1059,2608824393,2608829481,5088
1088,2608831177,2608844265,13088
1044,2608845897,2608957642,111745
1063,2608959018,2608988618,29600
1045,2608989898,2608996331,6433
1029,2608997706,2609148684,150978
1046,2609150092,2609154988,4896
1063,2609156492,2609241005,84513
1047,2609242573,2609248109,5536
1028,2609249677,2609256365,6688
1029,2609257773,2609894996,637223
1030,2609896372,2609910932,14560
1073,2609935508,2609944565,9057
1075,2609978613,2610162359,183746
1077,2610163735,2610309273,145538
1079,2610310681,2610368089,57408
1081,2610369529,2610376537,7008
1083,2610388153,2610391642,3489
1085,2610409721,2610413274,3553
1053,2610504859,2610507995,3136
1042,2610605020,2610626780,21760
1029,2610630204,2610677885,47681
1059,2610786974,2610791742,4768
1088,2610793502,2610806974,13472
1044,2610808286,2610920767,112481
1063,2610922431,2610951999,29568
1045,2610953344,2610959647,6303
1029,2610961344,2611119681,158337
1046,2611121409,2611126241,4832
1063,2611127841,2611210946,83105
1045,2611212322,2611218690,6368
1029,2611219970,2611256835,36865
1059,2611258211,2611263331,5120
1088,2611264963,2611278179,13216
1044,2611279555,2611392004,112449
1063,2611393604,2611423300,29696
1045,2611424805,2611431013,6208
1029,2611432485,2611595687,163202
1046,2611597062,2611602022,4960
1063,2611603430,2611688199,84769
1045,2611689799,2611696327,6528
1029,2611697927,2611736296,38369
1059,2611737576,2611742600,5024
1088,2611744040,2611757128,13088
1044,2611758760,2611870537,111777
1063,2611872297,2611903114,30817
1045,2611904746,2611911018,6272
1029,2611912394,2612062635,150241
1046,2612063947,2612068683,4736
1063,2612070028,2612155629,85601
1045,2612157324,2612163949,6625
1029,2612165420,2612202733,37313
1059,2612204269,2612209261,4992
1088,2612210765,2612223885,13120
1044,2612225517,2612337518,112001
1063,2612339790,2612368879,29089
1045,2612370351,2612377103,6752
1029,2612378799,2612537521,158722
1046,2612539216,2612544081,4865
1063,2612545649,2612631057,85408
1045,2612632402,2612638833,6431
1029,2612640530,2612678194,37664
1059,2612679698,2612684786,5088
1088,2612686162,2612699250,13088
1044,2612700850,2612811380,110530
1063,2612812820,2612841364,28544
1045,2612842644,2612849268,6624
1029,2612850676,2613010902,160226
1046,2613012309,2613017142,4833
1063,2613018774,2613102295,83521
1045,2613103958,2613110423,6465
1029,2613112055,2613148983,36928
1059,2613150423,2613155447,5024
1088,2613157079,2613170263,13184
1044,2613171863,2613283481,111618
1063,2613285176,2613314809,29633
1045,2613316217,2613322617,6400
1029,2613324121,2613474042,149921
1046,2613475514,2613480475,4961
1063,2613481883,2613566363,84480
1045,2613567836,2613574524,6688
1029,2613575899,2613613116,37217
1059,2613614716,2613619708,4992
1088,2613621180,2613634332,13152
1044,2613635708,2613747517,111809
1063,2613748957,2613778430,29473
1045,2613780062,2613786270,6208
1029,2613787774,2613950848,163074
1046,2613952192,2613956864,4672
1063,2613958240,2614042241,84001
1045,2614043552,2614050049,6497
1029,2614051713,2614088865,37152
1059,2614090337,2614095297,4960
1088,2614096673,2614109761,13088
1044,2614111425,2614222690,111265
1063,2614224162,2614253443,29281
1045,2614254755,2614261347,6592
1029,2614262819,2614423045,160226
1046,2614424613,2614429413,4800
1063,2614430757,2614514694,83937
1045,2614516134,2614522694,6560
1029,2614524134,2614560966,36832
1059,2614562438,2614567558,5120
1088,2614569190,2614582470,13280
1044,2614583782,2614695976,112194
1063,2614697320,2614726824,29504
1045,2614728296,2614734760,6464
1029,2614736456,2614900010,163554
1046,2614901450,2614906314,4864
1063,2614907914,2614991435,83521
1045,2614993131,2614999499,6368
1029,2615000875,2615038315,37440
1059,2615039819,2615044811,4992
1088,2615046187,2615059499,13312
1044,2615061131,2615172909,111778
1063,2615174445,2615203149,28704
1045,2615204909,2615211405,6496
1029,2615213005,2615376719,163714
1046,2615378319,2615383151,4832
1063,2615384783,2615469616,84833
1045,2615471312,2615478064,6752
1029,2615479376,2615517361,37985
1059,2615519056,2615524176,5120
1088,2615525904,2615539217,13313
1044,2615540753,2615652818,112065
1063,2615654514,2615683282,28768
1045,2615684690,2615691218,6528
1029,2615692722,2615854484,161762
1046,2615855956,2615860916,4960
1063,2615862356,2615945397,83041
1045,2615946677,2615953013,6336
1029,2615954453,2615992022,37569
1059,2615993397,2615998486,5089
1088,2616000085,2616013302,13217
1044,2616014742,2616127479,112737
1063,2616129015,2616158456,29441
1045,2616159927,2616166327,6400
1029,2616167607,2616317945,150338
1046,2616319545,2616324601,5056
1063,2616326009,2616410298,84289
1045,2616411770,2616418298,6528
1029,2616419802,2616456890,37088
1059,2616458362,2616463355,4993
1088,2616464730,2616477819,13089
1044,2616479483,2616592124,112641
1063,2616593532,2616623036,29504
1045,2616624669,2616631004,6335
1029,2616632412,2616799262,166850
1046,2616800766,2616805662,4896
1063,2616807134,2616891039,83905
1045,2616892575,2616899039,6464
1029,2616900671,2616937952,37281
1059,2616939648,2616944640,4992
1088,2616946080,2616959392,13312
1044,2616960768,2617072769,112001
1063,2617074465,2617103778,29313
1045,2617105218,2617111650,6432
1029,2617113346,2617261891,148545
1046,2617263331,2617268451,5120
1063,2617270147,2617355172,85025
1045,2617356580,2617362852,6272
1029,2617364292,2617401476,37184
1059,2617403045,2617408357,5312
1088,2617409893,2617423013,13120
1044,2617424389,2617536806,112417
1063,2617538374,2617567366,28992
1045,2617569415,2617575878,6463
1029,2617577511,2617738728,161217
1046,2617740104,2617744936,4832
1063,2617746600,2617832297,85697
1045,2617833929,2617840202,6273
1029,2617841865,2617878730,36865
1059,2617880490,2617885482,4992
1088,2617886826,2617900138,13312
1044,2617901546,2618013483,111937
1063,2618015211,2618044268,29057
1045,2618045644,2618052172,6528
1029,2618053804,2618219181,165377
1046,2618220846,2618225549,4703
1063,2618226957,2618310958,84001
1045,2618312398,2618319055,6657
1029,2618320431,2618357487,37056
1059,2618358959,2618363951,4992
1088,2618365295,2618378447,13152
1044,2618380079,2618491793,111714
1063,2618493424,2618523185,29761
1045,2618524625,2618531185,6560
1029,2618532689,2618694450,161761
1046,2618696210,2618701203,4993
1063,2618702579,2618784948,82369
1045,2618786324,2618792819,6495
1029,2618794324,2618831060,36736
1059,2618832468,2618837716,5248
1088,2618839188,2618852212,13024
1044,2618853524,2618966581,113057
1063,2618968374,2618997590,29216
1045,2618999030,2619005686,6656
1029,2619007030,2619165592,158562
1046,2619167128,2619171896,4768
1063,2619173560,2619258041,84481
1045,2619259545,2619265913,6368
1029,2619267257,2619304889,37632
1059,2619306265,2619311225,4960
1088,2619312729,2619325785,13056
1044,2619327417,2619438170,110753
1063,2619439610,2619468379,28769
1045,2619469755,2619476219,6464
1029,2619477755,2619640125,162370
1046,2619641789,2619646717,4928
1063,2619648189,2619733854,85665
1045,2619735198,2619741758,6560
1029,2619743326,2619780766,37440
1059,2619782334,2619787454,5120
1088,2619789150,2619802238,13088
1044,2619803775,2619916223,112448
1063,2619917664,2619946976,29312
1045,2619948352,2619954912,6560
1029,2619956320,2620119170,162850
1046,2620120770,2620125506,4736
1063,2620126882,2620210403,83521
1045,2620212067,2620218563,6496
1029,2620220131,2620257187,37056
1059,2620258531,2620263555,5024
1088,2620264899,2620278116,13217
1044,2620279524,2620391205,111681
1063,2620392965,2620422469,29504
1045,2620424165,2620430629,6464
1029,2620432357,2620589351,156994
1046,2620590695,2620595527,4832
1063,2620597191,2620680232,83041
1045,2620681608,2620688072,6464
1029,2620689704,2620726760,37056
1059,2620728104,2620733096,4992
1088,2620734504,2620747752,13248
1044,2620749192,2620860234,111042
1063,2620861738,2620890890,29152
1045,2620892394,2620898890,6496
1029,2620900426,2621053420,152994
1046,2621054796,2621059692,4896
1063,2621061324,2621144877,83553
1045,2621146413,2621153069,6656
1029,2621154477,2621192269,37792
1059,2621193709,2621199021,5312
1088,2621200526,2621213614,13088
1044,2621215085,2621327247,112162
1063,2621328783,2621358095,29312
1045,2621360335,2621366703,6368
1029,2621368015,2621526289,158274
1046,2621527601,2621532401,4800
1063,2621534097,2621619282,85185
1045,2621620754,2621627090,6336
1029,2621628498,2621665586,37088
1059,2621667507,2621672659,5152
1088,2621674355,2621687635,13280
1044,2621689011,2621800372,111361
1063,2621802100,2621831476,29376
1045,2621832788,2621839156,6368
1029,2621840500,2621991606,151106
1046,2621993046,2621997814,4768
1063,2621999158,2622082647,83489
1045,2622084343,2622090711,6368
1029,2622092055,2622129687,37632
1059,2622131064,2622136055,4991
1088,2622137400,2622150552,13152
1044,2622152183,2622264345,112162
1063,2622265817,2622295993,30176
1045,2622297657,2622304025,6368
1029,2622305401,2622464571,159170
1046,2622466043,2622470747,4704
1063,2622472091,2622555836,83745
1045,2622557212,2622563740,6528
1029,2622565212,2622601948,36736
1059,2622603580,2622608573,4993
1088,2622609981,2622623133,13152
1044,2622624637,2622735518,110881
1063,2622737054,2622766078,29024
1045,2622767582,2622774206,6624
1029,2622775870,2622926432,150562
1046,2622927808,2622932768,4960
1063,2622934176,2623018881,84705
1045,2623020225,2623026849,6624
1029,2623028289,2623066018,37729
1059,2623067393,2623072546,5153
1088,2623074273,2623087426,13153
1044,2623088802,2623201027,112225
1063,2623202819,2623232131,29312
1045,2623233827,2623240451,6624
1029,2623241827,2623392485,150658
1046,2623394085,2623399141,5056
1063,2623400581,2623484518,83937
1045,2623486150,2623492518,6368
1029,2623494214,2623532006,37792
1059,2623533351,2623538438,5087
1088,2623540166,2623553191,13025
1044,2623554919,2623666568,111649
1063,2623668104,2623697448,29344
1045,2623699112,2623705608,6496
1029,2623707273,2623857994,150721
1046,2623859658,2623864778,5120
1063,2623866090,2623949931,83841
1045,2623951467,2623957995,6528
1029,2623959499,2623998028,38529
1059,2623999531,2624004524,4993
1088,2624005931,2624019052,13121
1044,2624020684,2624131821,111137
1063,2624133549,2624162445,28896
1045,2624163853,2624170221,6368
1029,2624171597,2624334831,163234
1046,2624336495,2624341295,4800
1063,2624342959,2624427696,84737
1045,2624429136,2624435568,6432
1029,2624437232,2624474577,37345
1059,2624476017,2624481040,5023
1088,2624482480,2624495633,13153
1044,2624497233,2624610194,112961
1063,2624611954,2624641970,30016
1045,2624643666,2624650194,6528
1029,2624651667,2624813812,162145
1046,2624815284,2624820212,4928
1063,2624821652,2624904373,82721
1045,2624905781,2624912213,6432
1029,2624913525,2624951286,37761
1059,2624952630,2624957622,4992
1088,2624959062,2624972278,13216
1044,2624974006,2625085687,111681
1063,2625087479,2625117367,29888
1045,2625118712,2625125272,6560
1029,2625126743,2625286873,160130
1046,2625288537,2625293369,4832
1063,2625295033,2625379162,84129
1045,2625380826,2625387418,6592
1029,2625388922,2625426395,37473
1059,2625427739,2625432891,5152
1088,2625434427,2625447483,13056
1044,2625448859,2625560348,111489
1063,2625561948,2625591548,29600
1045,2625592893,2625599613,6720
1029,2625600925,2625768063,167138
1046,2625769471,2625774303,4832
1063,2625775966,2625861055,85089
1047,2625862432,2625867808,5376
1028,2625869152,2625875872,6720
1029,2625877216,2626516071,638855
1030,2626518246,2626532711,14465
1073,2626566503,2626575399,8896
1075,2626609575,2626792298,182723
1077,2626793738,2626938923,145185
1079,2626940299,2626999147,58848
1081,2627000748,2627007628,6880
1083,2627027340,2627030796,3456
1085,2627049388,2627053068,3680
1053,2627149741,2627152877,3136
1042,2627256078,2627277935,21857
1029,2627279695,2627327983,48288
1059,2627329647,2627334351,4704
1088,2627335727,2627349327,13600
1044,2627350767,2627462737,111970
1063,2627464209,2627493425,29216
1045,2627494737,2627501009,6272
1029,2627502449,2627665235,162786
1046,2627666643,2627671507,4864
1063,2627673011,2627755220,82209
1045,2627756564,2627762932,6368
1029,2627764628,2627801236,36608
1059,2627802612,2627807636,5024
1088,2627808980,2627822165,13185
1044,2627823445,2627936342,112897
1063,2627937910,2627967286,29376
1045,2627968598,2627974966,6368
1029,2627976278,2628140952,164674
1046,2628142360,2628147224,4864
1063,2628148728,2628233369,84641
1045,2628234873,2628241209,6336
1029,2628242713,2628281337,38624
1059,2628282713,2628287706,4993
1088,2628289433,2628302649,13216
1044,2628304122,2628415899,111777
1063,2628417659,2628447195,29536
1045,2628448603,2628454811,6208
1029,2628456283,2628616317,160034
1046,2628617757,2628622493,4736
1063,2628623805,2628709662,85857
1045,2628711166,2628717854,6688
1029,2628719198,2628756863,37665
1059,2628758239,2628763262,5023
1088,2628764702,2628777823,13121
1044,2628779231,2628891328,112097
1063,2628892768,2628922048,29280
1045,2628923712,2628930176,6464
1029,2628931808,2629091746,159938
1046,2629093058,2629097730,4672
1063,2629099138,2629183427,84289
1045,2629185059,2629191651,6592
1029,2629193155,2629231204,38049
1059,2629232900,2629237988,5088
1088,2629239715,2629252740,13025
1044,2629254116,2629365957,111841
1063,2629367461,2629396293,28832
1045,2629397637,2629404102,6465
1029,2629405765,2629567687,161922
1046,2629568999,2629573735,4736
1063,2629575111,2629659336,84225
1045,2629660776,2629667144,6368
1029,2629668904,2629706473,37569
1059,2629708009,2629713033,5024
1088,2629714377,2629727561,13184
1044,2629729001,2629840586,111585
1063,2629842122,2629871467,29345
1045,2629873067,2629879498,6431
1029,2629881195,2630038892,157697
1046,2630040620,2630045452,4832
1063,2630047084,2630132109,85025
1045,2630133741,2630140301,6560
1029,2630141773,2630179278,37505
1059,2630180718,2630185966,5248
1088,2630187438,2630200462,13024
1044,2630201838,2630314351,112513
1063,2630315791,2630344720,28929
1045,2630346223,2630352624,6401
1029,2630354320,2630504465,150145
1046,2630506193,2630511057,4864
1063,2630512657,2630596818,84161
1045,2630598130,2630604690,6560
1029,2630606290,2630643923,37633
1059,2630645267,2630650259,4992
1088,2630651699,2630664755,13056
1044,2630666227,2630778388,112161
1063,2630780084,2630809876,29792
1045,2630811316,2630817973,6657
1029,2630819317,2630976406,157089
1046,2630977782,2630982614,4832
1063,2630984310,2631068631,84321
1045,2631069975,2631076695,6720
1029,2631078072,2631115224,37152
1059,2631116856,2631122232,5376
1088,2631123576,2631136696,13120
1044,2631138328,2631250905,112577
1063,2631252377,2631281754,29377
1045,2631283129,2631289497,6368
1029,2631290842,2631439515,148673
1046,2631440859,2631445755,4896
1063,2631447387,2631530876,83489
1045,2631532636,2631539004,6368
1029,2631540348,2631577149,36801
1059,2631578493,2631583581,5088
1088,2631585277,2631598493,13216
1044,2631599869,2631712702,112833
1063,2631714430,2631743167,28737
1045,2631744799,2631751359,6560
1029,2631752991,2631921952,168961
1046,2631923552,2631928512,4960
1063,2631929985,2632014178,84193
1045,2632015841,2632022241,6400
1029,2632023554,2632061122,37568
1059,2632062722,2632067714,4992
1088,2632069154,2632082370,13216
1044,2632083810,2632195236,111426
1063,2632196803,2632226052,29249
1045,2632227396,2632233828,6432
1029,2632235492,2632398533,163041
1046,2632399973,2632404933,4960
1063,2632406342,2632490119,83777
1045,2632491559,2632497895,6336
1029,2632499303,2632536551,37248
1059,2632537863,2632542855,4992
1088,2632544327,2632557383,13056
1044,2632559047,2632671784,112737
1063,2632673225,2632702505,29280
1045,2632703945,2632710665,6720
1029,2632712329,2632872266,159937
1046,2632873931,2632878891,4960
1063,2632880331,2632964428,84097
1045,2632966028,2632972588,6560
1029,2632974220,2633011660,37440
1059,2633013164,2633018252,5088
1088,2633019916,2633033036,13120
1044,2633034700,2633146446,111746
1063,2633148142,2633177614,29472
1045,2633179310,2633185934,6624
1029,2633187342,2633351344,164002
1046,2633352752,2633357712,4960
1063,2633359184,2633442513,83329
1045,2633443921,2633450353,6432
1029,2633452017,2633489425,37408
1059,2633491089,2633496241,5152
1088,2633497873,2633511026,13153
1044,2633512561,2633624659,112098
1063,2633626163,2633655539,29376
1045,2633657203,2633663507,6304
1029,2633664883,2633826677,161794
1046,2633828341,2633833109,4768
1063,2633834805,2633919734,84929
1045,2633921174,2633927862,6688
1029,2633929174,2633966966,37792
1059,2633968598,2633973559,4961
1088,2633974999,2633988087,13088
1044,2633989751,2634103128,113377
1063,2634104888,2634135064,30176
1045,2634136728,2634143512,6784
1029,2634145144,2634296954,151810
1046,2634298586,2634303738,5152
1063,2634305370,2634390299,84929
1045,2634391643,2634398171,6528
1029,2634399803,2634436731,36928
1059,2634438171,2634443164,4993
1088,2634444636,2634457916,13280
1044,2634459228,2634571485,112257
1063,2634573245,2634602589,29344
1045,2634603933,2634610365,6432
1029,2634611997,2634779871,167874
1046,2634781183,2634785919,4736
1063,2634787231,2634871264,84033
1045,2634872672,2634879200,6528
1029,2634880864,2634918177,37313
1059,2634919585,2634924608,5023
1088,2634925985,2634939041,13056
1044,2634940769,2635052514,111745
1063,2635053890,2635083747,29857
1045,2635085378,2635091810,6432
1029,2635093475,2635251908,158433
1046,2635253316,2635258212,4896
1063,2635259844,2635342341,82497
1045,2635343717,2635350373,6656
1029,2635351749,2635389126,37377
1059,2635390598,2635395622,5024
1088,2635396966,2635410086,13120
1044,2635411462,2635523623,112161
1063,2635525063,2635554247,29184
1045,2635556103,2635562823,6720
1029,2635564200,2635732201,168001
1046,2635733865,2635738698,4833
1063,2635740329,2635822986,82657
1045,2635824362,2635830922,6560
1029,2635832395,2635869867,37472
1059,2635871179,2635876331,5152
1088,2635877963,2635891243,13280
1044,2635892651,2636004396,111745
1063,2636006124,2636035053,28929
1045,2636036717,2636043149,6432
1029,2636044781,2636210926,166145
1046,2636212654,2636217359,4705
1063,2636218702,2636304815,86113
1045,2636306191,2636312624,6433
1029,2636314320,2636351440,37120
1059,2636352880,2636358096,5216
1088,2636359792,2636373072,13280
1044,2636374448,2636486449,112001
1063,2636488178,2636518130,29952
1045,2636519634,2636526002,6368
1029,2636527314,2636693364,166050
1046,2636694964,2636699828,4864
1063,2636701428,2636785269,83841
1045,2636786645,2636793237,6592
1029,2636794741,2636831669,36928
1059,2636833333,2636838293,4960
1088,2636839701,2636852821,13120
1044,2636854421,2636966422,112001
1063,2636968151,2636997463,29312
1045,2636999063,2637005591,6528
1029,2637007191,2637167385,160194
1046,2637168857,2637173625,4768
1063,2637174969,2637257530,82561
1045,2637258874,2637265530,6656
1029,2637266906,2637304026,37120
1059,2637305658,2637310650,4992
1088,2637312026,2637325050,13024
1044,2637326618,2637438236,111618
1063,2637439612,2637469276,29664
1045,2637470876,2637477148,6272
1029,2637478620,2637641566,162946
1046,2637642974,2637647806,4832
1063,2637649470,2637733023,83553
1045,2637734367,2637741119,6752
1029,2637742783,2637780672,37889
1059,2637782047,2637787200,5153
1088,2637788895,2637802016,13121
1044,2637803424,2637914945,111521
1063,2637916481,2637946305,29824
1045,2637947969,2637954433,6464
1029,2637956033,2638104739,148706
1046,2638106371,2638111459,5088
1063,2638112771,2638197668,84897
1045,2638199268,2638205668,6400
1029,2638206980,2638244740,37760
1059,2638246340,2638251460,5120
1088,2638253220,2638266213,12993
1044,2638267589,2638378278,110689
1063,2638379814,2638409318,29504
1045,2638410630,2638416902,6272
1029,2638418342,2638580840,162498
1046,2638582440,2638587400,4960
1063,2638588968,2638672873,83905
1045,2638674217,2638680649,6432
1029,2638681993,2638719433,37440
1059,2638720938,2638726186,5248
1088,2638727626,2638740810,13184
1044,2638742442,2638853323,110881
1063,2638854699,2638883851,29152
1045,2638885195,2638891403,6208
1029,2638892875,2639055533,162658
1046,2639056877,2639061549,4672
1063,2639062989,2639147310,84321
1045,2639148974,2639155438,6464
1029,2639157102,2639193646,36544
1059,2639194991,2639200175,5184
1088,2639201807,2639214863,13056
1044,2639216463,2639327536,111073
1063,2639328912,2639357840,28928
1045,2639359280,2639366064,6784
1029,2639367696,2639529042,161346
1046,2639530802,2639535634,4832
1063,2639537266,2639621363,84097
1045,2639622739,2639629267,6528
1029,2639630867,2639668435,37568
1059,2639669780,2639674868,5088
1088,2639676596,2639689972,13376
1044,2639691220,2639803381,112161
1063,2639804789,2639834325,29536
1045,2639835733,2639842005,6272
1029,2639843413,2639994935,151522
1046,2639996599,2640001495,4896
1063,2640003095,2640087896,84801
1045,2640089208,2640095608,6400
1029,2640096952,2640134200,37248
1059,2640135801,2640140793,4992
1088,2640142265,2640155513,13248
1044,2640156921,2640268282,111361
1063,2640270042,2640299290,29248
1045,2640300634,2640307098,6464
1029,2640308730,2640473852,165122
1046,2640475356,2640480316,4960
1063,2640481756,2640566205,84449
1045,2640567549,2640574237,6688
1029,2640575645,2640613374,37729
1059,2640615134,2640620126,4992
1088,2640621534,2640634558,13024
1044,2640636254,2640749119,112865
1063,2640750815,2640780576,29761
1045,2640782656,2640789088,6432
1029,2640790368,2640940833,150465
1046,2640942529,2640947393,4864
1063,2640949025,2641032514,83489
1045,2641034242,2641040578,6336
1029,2641041922,2641079555,37633
1059,2641080931,2641086147,5216
1088,2641087651,2641100835,13184
1044,2641102275,2641214340,112065
1063,2641215748,2641245029,29281
1045,2641246341,2641252709,6368
1029,2641254084,2641403846,149762
1046,2641405318,2641410182,4864
1063,2641411814,2641494855,83041
1045,2641496551,2641503079,6528
1029,2641504551,2641542056,37505
1059,2641543752,2641548744,4992
1088,2641550152,2641563272,13120
1044,2641564904,2641676105,111201
1063,2641677833,2641708297,30464
1045,2641710057,2641716522,6465
1029,2641718154,2641881356,163202
1046,2641882667,2641887595,4928
1063,2641889195,2641973036,83841
1045,2641974636,2641981388,6752
1029,2641983116,2642020205,37089
1059,2642021773,2642026829,5056
1088,2642028269,2642041293,13024
1044,2642043021,2642154158,111137
1063,2642155822,2642185327,29505
1045,2642187023,2642193295,6272
1029,2642194703,2642357552,162849
1046,2642358929,2642363952,5023
1063,2642365328,2642450609,85281
1047,2642452273,2642457714,5441
1028,2642459057,2642465682,6625
1029,2642467154,2643108120,640966
1030,2643109625,2643124537,14912
1073,2643157561,2643166425,8864
1075,2643199514,2643379931,180417
1077,2643381404,2643526301,144897
1079,2643528061,2643585086,57025
1081,2643586750,2643593822,7072
1083,2643613214,2643616702,3488
1085,2643635230,2643638750,3520
1053,2643835424,2643838528,3104
1042,2643983458,2644005186,21728
1029,2644012130,2644060483,48353
1059,2644129027,2644133540,4513
1088,2644135715,2644148740,13025
1044,2644150212,2644255589,105377
1063,2644257285,2644286437,29152
1045,2644287845,2644294309,6464
1029,2644295909,2644454279,158370
1046,2644455975,2644460487,4512
1063,2644462119,2644545032,82913
1045,2644546408,2644553000,6592
1029,2644554632,2644591080,36448
1059,2644592584,2644597545,4961
1088,2644598985,2644612168,13183
1044,2644613641,2644718410,104769
1063,2644719914,2644749546,29632
1045,2644751146,2644757322,6176
1029,2644758698,2644921324,162626
1046,2644922924,2644927372,4448
1063,2644929100,2645012685,83585
1045,2645014413,2645020877,6464
1029,2645022285,2645060237,37952
1059,2645061582,2645066573,4991
1088,2645067981,2645081166,13185
1044,2645082734,2645189359,106625
1063,2645190767,2645220719,29952
1045,2645222383,2645228847,6464
1029,2645230511,2645390257,159746
1046,2645391729,2645396657,4928
1063,2645398065,2645482834,84769
1045,2645484274,2645490866,6592
1029,2645492306,2645529458,37152
1059,2645531123,2645536083,4960
1088,2645537459,2645550323,12864
1044,2645551795,2645656916,105121
1063,2645658356,2645687732,29376
1045,2645689396,2645695796,6400
1029,2645697492,2645856246,158754
1046,2645857878,2645862454,4576
1063,2645864054,2645947415,83361
1045,2645948855,2645955383,6528
1029,2645956951,2645993911,36960
1059,2645995351,2646000504,5153
1088,2646002168,2646015096,12928
1044,2646016760,2646122425,105665
1063,2646123993,2646154201,30208
1045,2646155833,2646162137,6304
1029,2646163513,2646329051,165538
1046,2646330715,2646335451,4736
1063,2646336795,2646420220,83425
1045,2646421820,2646428220,6400
1029,2646429564,2646466941,37377
1059,2646468637,2646473629,4992
1088,2646475037,2646488061,13024
1044,2646489725,2646594718,104993
1063,2646596126,2646625310,29184
1045,2646626910,2646633406,6496
1029,2646634846,2646795392,160546
1046,2646796992,2646801760,4768
1063,2646803104,2646887329,84225
1045,2646889473,2646896129,6656
1029,2646897505,2646934146,36641
1059,2646935842,2646940834,4992
1088,2646942242,2646955330,13088
1044,2646956962,2647061731,104769
1063,2647063203,2647092931,29728
1045,2647094595,2647101123,6528
1029,2647102724,2647260805,158081
1046,2647262213,2647266917,4704
1063,2647268229,2647351686,83457
1045,2647353190,2647359526,6336
1029,2647360998,2647398119,37121
1059,2647399719,2647404679,4960
1088,2647406150,2647419111,12961
1044,2647420615,2647525512,104897
1063,2647527080,2647557160,30080
1045,2647558536,2647565000,6464
1029,2647566664,2647726154,159490
1046,2647727786,2647732330,4544
1063,2647733930,2647818315,84385
1045,2647820011,2647826411,6400
1029,2647827755,2647864940,37185
1059,2647866603,2647871692,5089
1088,2647873420,2647886380,12960
1044,2647887724,2647992653,104929
1063,2647994221,2648024141,29920
1045,2648025549,2648031981,6432
1029,2648033613,2648181647,148034
1046,2648183023,2648187599,4576
1063,2648189103,2648272368,83265
1045,2648274000,2648280272,6272
1029,2648281744,2648318448,36704
1059,2648319952,2648325040,5088
1088,2648326768,2648339729,12961
1044,2648341329,2648446738,105409
1063,2648448210,2648478002,29792
1045,2648479410,2648485682,6272
1029,2648487090,2648648116,161026
1046,2648649524,2648654132,4608
1063,2648655636,2648739733,84097
1045,2648741205,2648747509,6304
1029,2648748949,2648786422,37473
1059,2648788085,2648793333,5248
1088,2648794773,2648807702,12929
1044,2648809046,2648915095,106049
1063,2648916791,2648946711,29920
1045,2648948311,2648955063,6752
1029,2648956727,2649116921,160194
1046,2649118297,2649122777,4480
1063,2649124409,2649207354,82945
1045,2649209018,2649215514,6496
1029,2649217114,2649253723,36609
1059,2649255418,2649260378,4960
1088,2649261851,2649275067,13216
1044,2649276507,2649381084,104577
1063,2649382620,2649412124,29504
1045,2649413532,2649420028,6496
1029,2649421628,2649580894,159266
1046,2649582334,2649586942,4608
1063,2649588414,2649672959,84545
1045,2649674367,2649680639,6272
1029,2649682079,2649719263,37184
1059,2649720863,2649725824,4961
1088,2649727328,2649740256,12928
1044,2649741920,2649845985,104065
1063,2649847745,2649877345,29600
1045,2649878753,2649885249,6496
1029,2649886849,2650051075,164226
1046,2650052771,2650057283,4512
1063,2650058883,2650141188,82305
1045,2650142628,2650148932,6304
1029,2650150404,2650187621,37217
1059,2650188996,2650193989,4993
1088,2650195429,2650208357,12928
1044,2650209733,2650315302,105569
1063,2650316838,2650346342,29504
1045,2650347686,2650354214,6528
1029,2650355814,2650504424,148610
1046,2650505736,2650510312,4576
1063,2650511944,2650596169,84225
1045,2650597545,2650603785,6240
1029,2650605257,2650642473,37216
1059,2650643946,2650649066,5120
1088,2650650634,2650663562,12928
1044,2650664937,2650770602,105665
1063,2650772299,2650802187,29888
1045,2650803819,2650810155,6336
1029,2650811531,2650973261,161730
1046,2650974925,2650979661,4736
1063,2650980973,2651065294,84321
1045,2651066638,2651073102,6464
1029,2651074734,2651111919,37185
1059,2651113326,2651118382,5056
1088,2651119759,2651132687,12928
1044,2651134063,2651238512,104449
1063,2651239984,2651269712,29728
1045,2651271152,2651277520,6368
1029,2651279216,2651444018,164802
1046,2651445362,2651450034,4672
1063,2651451410,2651534835,83425
1045,2651536179,2651542515,6336
1029,2651543955,2651581107,37152
1059,2651582484,2651587443,4959
1088,2651588947,2651602196,13249
1044,2651603604,2651708917,105313
1063,2651710709,2651740053,29344
1045,2651741717,2651748149,6432
1029,2651749845,2651914679,164834
1046,2651916023,2651920727,4704
1063,2651922071,2652005112,83041
1045,2652006456,2652013048,6592
1029,2652014552,2652051800,37248
1059,2652053305,2652058488,5183
1088,2652060025,2652072857,12832
1044,2652074521,2652178458,103937
1063,2652180218,2652210138,29920
1045,2652211674,2652218106,6432
1029,2652219706,2652368796,149090
1046,2652370236,2652374940,4704
1063,2652376348,2652462141,85793
1045,2652463613,2652469949,6336
1029,2652471325,2652508605,37280
1059,2652509950,2652514910,4960
1088,2652516318,2652529278,12960
1044,2652530686,2652635295,104609
1063,2652636767,2652665631,28864
1045,2652667039,2652673567,6528
1029,2652675199,2652837441,162242
1046,2652839137,2652843585,4448
1063,2652845249,2652930338,85089
1045,2652932066,2652938530,6464
1029,2652940162,2652976995,36833
1059,2652978658,2652983778,5120
1088,2652985123,2652998147,13024
1044,2652999459,2653104932,105473
1063,2653106628,2653136612,29984
1045,2653138084,2653144612,6528
1029,2653146148,2653306182,160034
1046,2653307846,2653312422,4576
1063,2653313894,2653397959,84065
1045,2653399623,2653406119,6496
1029,2653407719,2653444968,37249
1059,2653446311,2653451528,5217
1088,2653453191,2653466247,13056
1044,2653467976,2653571881,103905
1063,2653573609,2653603145,29536
1045,2653604649,2653611209,6560
1029,2653612617,2653760171,147554
1046,2653761803,2653766379,4576
1063,2653767979,2653849804,81825
1045,2653851212,2653857644,6432
1029,2653859020,2653895596,36576
1059,2653897004,2653902060,5056
1088,2653903788,2653916684,12896
1044,2653918092,2654023854,105762
1063,2654025549,2654055054,29505
1045,2654056398,2654062734,6336
1029,2654064110,2654213200,149090
1046,2654214576,2654219184,4608
1063,2654220752,2654303761,83009
1045,2654305265,2654311761,6496
1029,2654313297,2654350673,37376
1059,2654351985,2654357169,5184
1088,2654358833,2654371986,13153
1044,2654373457,2654478834,105377
1063,2654480274,2654509235,28961
1045,2654510899,2654517139,6240
1029,2654518579,2654668181,149602
1046,2654669717,2654674357,4640
1063,2654675732,2654760341,84609
1045,2654761878,2654768341,6463
1029,2654769974,2654807190,37216
1059,2654808662,2654814038,5376
1088,2654815446,2654828406,12960
1044,2654829750,2654935063,105313
1063,2654936568,2654965880,29312
1045,2654967416,2654973656,6240
1029,2654975096,2655135130,160034
1046,2655136537,2655141210,4673
1063,2655142554,2655225851,83297
1045,2655227323,2655233754,6431
1029,2655235451,2655273019,37568
1059,2655274331,2655279355,5024
1088,2655280795,2655293659,12864
1044,2655295163,2655399292,104129
1063,2655400892,2655430749,29857
1045,2655432317,2655438653,6336
1029,2655439965,2655601758,161793
1046,2655603455,2655607935,4480
1063,2655609598,2655692896,83298
1045,2655694207,2655700767,6560
1029,2655702272,2655738976,36704
1059,2655740544,2655745600,5056
1088,2655747360,2655760288,12928
1044,2655761664,2655867234,105570
1063,2655868961,2655898562,29601
1045,2655900162,2655906466,6304
1029,2655908162,2656069508,161346
1046,2656071780,2656076324,4544
1063,2656077988,2656160869,82881
1045,2656162340,2656168900,6560
1029,2656170340,2656207845,37505
1059,2656209221,2656214341,5120
1088,2656215909,2656229029,13120
1044,2656230501,2656335622,105121
1063,2656337319,2656366823,29504
1045,2656368167,2656374727,6560
1029,2656376231,2656537161,160930
1046,2656538889,2656543497,4608
1063,2656544969,2656628682,83713
1045,2656630122,2656636490,6368
1029,2656637930,2656674794,36864
1059,2656676170,2656681130,4960
1088,2656682602,2656695466,12864
1044,2656696906,2656802700,105794
1063,2656804235,2656833452,29217
1045,2656835116,2656841804,6688
1029,2656843116,2657002958,159842
1046,2657004686,2657009262,4576
1063,2657010734,2657095887,85153
1045,2657097551,2657103919,6368
1029,2657105231,2657143151,37920
1059,2657144815,2657149807,4992
1088,2657151311,2657164207,12896
1044,2657165647,2657270705,105058
1063,2657272433,2657302001,29568
1045,2657303665,2657309905,6240
1029,2657311377,2657472339,160962
1046,2657474002,2657478611,4609
1063,2657480083,2657564724,84641
1045,2657566196,2657572500,6304
1029,2657573940,2657611124,37184
1059,2657612468,2657617556,5088
1088,2657619252,2657632340,13088
1044,2657634036,2657738710,104674
1063,2657740469,2657770454,29985
1045,2657771830,2657778390,6560
1029,2657779862,2657939960,160098
1046,2657941272,2657945848,4576
1063,2657947384,2658030073,82689
1045,2658031449,2658038009,6560
1029,2658039481,2658077305,37824
1059,2658078777,2658083737,4960
1088,2658085145,2658098041,12896
1044,2658099417,2658203643,104226
1063,2658205083,2658234459,29376
1045,2658235963,2658242427,6464
1029,2658244123,2658404509,160386
1046,2658406269,2658410813,4544
1063,2658412285,2658496829,84544
1045,2658498238,2658504606,6368
1029,2658505886,2658542078,36192
1059,2658543486,2658548638,5152
1088,2658550270,2658563262,12992
1044,2658564574,2658669984,105410
1063,2658671487,2658701728,30241
1045,2658703168,2658709440,6272
1029,2658710848,2658877154,166306
1046,2658878850,2658883362,4512
1063,2658884898,2658968803,83905
1047,2658970115,2658975715,5600
1028,2658977155,2658983779,6624
1029,2658985219,2659616586,631367
1030,2659618410,2659630922,12512
1073,2659665674,2659673258,7584
1075,2659706602,2659885100,178498
1077,2659886572,2660027246,140674
1079,2660028654,2660075598,46944
1081,2660077135,2660083951,6816
1083,2660096111,2660099567,3456
1085,2660117775,2660121455,3680
1053,2660255985,2660259121,3136
1042,2660411218,2660432434,21216
1029,2660452499,2660500403,47904
1059,2660610196,2660614676,4480
1088,2660617108,2660627957,10849
1044,2660629397,2660714165,84768
1063,2660715701,2660745398,29697
1045,2660746838,2660753046,6208
1029,2660754518,2660912024,157506
1046,2660913784,2660918232,4448
1063,2660919895,2661002041,82146
1045,2661003705,2661010104,6399
1029,2661011416,2661047897,36481
1059,2661049593,2661054553,4960
1088,2661056057,2661066777,10720
1044,2661068441,2661154234,85793
1063,2661155994,2661185818,29824
1045,2661187226,2661193339,6113
1029,2661194842,2661343484,148642
1046,2661345180,2661349596,4416
1063,2661350972,2661434461,83489
1045,2661435901,2661442333,6432
1029,2661443741,2661480414,36673
1059,2661482110,2661487070,4960
1088,2661488510,2661499262,10752
1044,2661500766,2661586367,85601
1063,2661587711,2661617375,29664
1045,2661618751,2661625215,6464
1029,2661626879,2661783809,156930
1046,2661785473,2661789921,4448
1063,2661791265,2661875714,84449
1045,2661877186,2661883586,6400
1029,2661885122,2661922018,36896
1059,2661923426,2661928386,4960
1088,2661929794,2661940547,10753
1044,2661942051,2662026851,84800
1063,2662028291,2662057252,28961
1045,2662058756,2662065284,6528
1029,2662066820,2662226597,159777
1046,2662228134,2662232550,4416
1063,2662234246,2662317095,82849
1045,2662318566,2662324839,6273
1029,2662326215,2662363751,37536
1059,2662365223,2662370311,5088
1088,2662371591,2662382375,10784
1044,2662384039,2662469640,85601
1063,2662471240,2662501001,29761
1045,2662502473,2662508873,6400
1029,2662510217,2662658506,148289
1046,2662659946,2662664554,4608
1063,2662665994,2662749483,83489
1045,2662750859,2662757323,6464
1029,2662758955,2662795500,36545
1059,2662796812,2662801740,4928
1088,2662803244,2662813932,10688
1044,2662815596,2662900973,85377
1063,2662902765,2662932045,29280
1045,2662933709,2662940109,6400
1029,2662941741,2663106031,164290
1046,2663107311,2663111983,4672
1063,2663113359,2663197104,83745
1045,2663198640,2663204976,6336
1029,2663206384,2663243824,37440
1059,2663245521,2663250481,4960
1088,2663251889,2663262545,10656
1044,2663264273,2663349554,85281
1063,2663351282,2663380914,29632
1045,2663382546,2663388978,6432
1029,2663390418,2663549972,159554
1046,2663551604,2663556212,4608
1063,2663557716,2663640629,82913
1045,2663642133,2663648597,6464
1029,2663650261,2663687317,37056
1059,2663688693,2663693653,4960
1088,2663695189,2663705846,10657
1044,2663707126,2663791798,84672
1063,2663793302,2663822967,29665
1045,2663824631,2663830871,6240
1029,2663832343,2663995544,163201
1046,2663996889,2664001529,4640
1063,2664003001,2664086393,83392
1045,2664087930,2664094426,6496
1029,2664095866,2664132698,36832
1059,2664134490,2664139450,4960
1088,2664140858,2664151610,10752
1044,2664152954,2664238267,85313
1063,2664239739,2664269116,29377
1045,2664270620,2664277276,6656
1029,2664278619,2664435517,156898
1046,2664437213,2664441725,4512
1063,2664443358,2664527870,84512
1045,2664529342,2664535774,6432
1029,2664537087,2664573663,36576
1059,2664575103,2664580191,5088
1088,2664581919,2664592671,10752
1044,2664594079,2664679360,85281
1063,2664680800,2664710208,29408
1045,2664711680,2664717985,6305
1029,2664719360,2664880994,161634
1046,2664882434,2664886946,4512
1063,2664888578,2664972195,83617
1045,2664973603,2664979811,6208
1029,2664981347,2665018276,36929
1059,2665019684,2665024739,5055
1088,2665026276,2665037060,10784
1044,2665038756,2665123813,85057
1063,2665125317,2665154949,29632
1045,2665156421,2665162885,6464
1029,2665164517,2665323751,159234
1046,2665325127,2665329575,4448
1063,2665331303,2665414568,83265
1045,2665416264,2665422600,6336
1029,2665423976,2665460872,36896
1059,2665462312,2665467273,4961
1088,2665468680,2665479273,10593
1044,2665480904,2665566025,85121
1063,2665567402,2665597706,30304
1045,2665599018,2665605418,6400
1029,2665606762,2665765516,158754
1046,2665767148,2665771916,4768
1063,2665773612,2665858828,85216
1045,2665860237,2665866669,6432
1029,2665868333,2665904941,36608
1059,2665906253,2665911373,5120
1088,2665913037,2665923693,10656
1044,2665925070,2666009614,84544
1063,2666011054,2666040878,29824
1045,2666042575,2666048975,6400
1029,2666050671,2666210928,160257
1046,2666212593,2666217200,4607
1063,2666218608,2666301777,83169
1045,2666303409,2666309937,6528
1029,2666311537,2666348562,37025
1059,2666349970,2666355058,5088
1088,2666356402,2666367154,10752
1044,2666368850,2666453651,84801
1063,2666455411,2666484723,29312
1045,2666486452,2666493107,6655
1029,2666494451,2666655157,160706
1046,2666656469,2666660853,4384
1063,2666662229,2666745654,83425
1045,2666746998,2666753622,6624
1029,2666755062,2666792055,36993
1059,2666793526,2666798583,5057
1088,2666800343,2666811031,10688
1044,2666812727,2666897464,84737
1063,2666899192,2666928792,29600
1045,2666930392,2666936984,6592
1029,2666938392,2667098970,160578
1046,2667100410,2667104890,4480
1063,2667106586,2667191355,84769
1045,2667192731,2667199259,6528
1029,2667200891,2667237403,36512
1059,2667238843,2667243835,4992
1088,2667245180,2667255868,10688
1044,2667257244,2667341917,84673
1063,2667343292,2667373405,30113
1045,2667375005,2667381341,6336
1029,2667382717,2667542431,159714
1046,2667543807,2667548383,4576
1063,2667549855,2667633504,83649
1045,2667634976,2667641728,6752
1029,2667643328,2667680640,37312
1059,2667682240,2667687360,5120
1088,2667689056,2667699712,10656
1044,2667701376,2667786849,85473
1063,2667788577,2667819138,30561
1045,2667820514,2667826850,6336
1029,2667828226,2667977795,149569
1046,2667979171,2667983651,4480
1063,2667985283,2668067556,82273
1045,2668069220,2668075652,6432
1029,2668077349,2668114181,36832
1059,2668115557,2668120805,5248
1088,2668122373,2668133221,10848
1044,2668134629,2668220742,86113
1063,2668222534,2668252262,29728
1045,2668254534,2668261094,6560
1029,2668262502,2668420552,158050
1046,2668422152,2668426600,4448
1063,2668428264,2668510313,82049
1045,2668511913,2668518281,6368
1029,2668519657,2668557353,37696
1059,2668558762,2668563754,4992
1088,2668565194,2668576074,10880
1044,2668577482,2668661835,84353
1063,2668663531,2668693611,30080
1045,2668695019,2668701739,6720
1029,2668703051,2668867277,164226
1046,2668868941,2668873357,4416
1063,2668874701,2668959374,84673
1045,2668960814,2668967054,6240
1029,2668968494,2669005167,36673
1059,2669007247,2669012207,4960
1088,2669013615,2669024335,10720
1044,2669025903,2669111247,85344
1063,2669112912,2669142608,29696
1045,2669144016,2669150672,6656
1029,2669152112,2669310834,158722
1046,2669312210,2669316690,4480
1063,2669318322,2669402099,83777
1045,2669403890,2669410227,6337
1029,2669411571,2669448659,37088
1059,2669450067,2669455059,4992
1088,2669456499,2669467219,10720
1044,2669468499,2669553844,85345
1063,2669555252,2669584660,29408
1045,2669586101,2669592405,6304
1029,2669593781,2669753142,159361
1046,2669754518,2669759062,4544
1063,2669760663,2669843896,83233
1045,2669845559,2669851959,6400
1029,2669853239,2669890200,36961
1059,2669891896,2669896856,4960
1088,2669898328,2669909048,10720
1044,2669910424,2669994937,84513
1063,2669996505,2670026457,29952
1045,2670028154,2670034522,6368
1029,2670035802,2670183419,147617
1046,2670185051,2670189531,4480
1063,2670191195,2670274268,83073
1045,2670275740,2670282108,6368
1029,2670283452,2670320445,36993
1059,2670322140,2670327100,4960
1088,2670328508,2670339293,10785
1044,2670340925,2670426397,85472
1063,2670428030,2670457886,29856
1045,2670459294,2670465374,6080
1029,2670467038,2670623072,156034
1046,2670624736,2670629472,4736
1063,2670630848,2670714497,83649
1045,2670715905,2670722337,6432
1029,2670723969,2670761249,37280
1059,2670763009,2670768321,5312
1088,2670769697,2670780417,10720
1044,2670782113,2670867874,85761
1063,2670869378,2670898627,29249
1045,2670900291,2670906691,6400
1029,2670908035,2671065477,157442
1046,2671066980,2671071653,4673
1063,2671072997,2671155621,82624
1045,2671157126,2671163557,6431
1029,2671165222,2671202726,37504
1059,2671204134,2671209190,5056
1088,2671210534,2671221382,10848
1044,2671222982,2671307687,84705
1063,2671309095,2671338791,29696
1045,2671340231,2671346375,6144
1029,2671348007,2671514249,166242
1046,2671515721,2671520233,4512
1063,2671521833,2671604586,82753
1045,2671605930,2671612522,6592
1029,2671613962,2671650699,36737
1059,2671652139,2671657099,4960
1088,2671658603,2671669227,10624
1044,2671670923,2671755916,84993
1063,2671757676,2671787052,29376
1045,2671788684,2671795084,6400
1029,2671796556,2671944558,148002
1046,2671945902,2671950542,4640
1063,2671951950,2672035599,83649
1045,2672037199,2672043599,6400
1029,2672044975,2672082319,37344
1059,2672083855,2672089039,5184
1088,2672090575,2672101424,10849
1044,2672102895,2672187793,84898
1063,2672189169,2672218929,29760
1045,2672220529,2672226865,6336
1029,2672228241,2672377587,149346
1046,2672379219,2672383667,4448
1063,2672384979,2672469011,84032
1045,2672470388,2672476628,6240
1029,2672478676,2672516084,37408
1059,2672517812,2672522900,5088
1088,2672524596,2672535284,10688
1044,2672536596,2672621109,84513
1063,2672622773,2672652886,30113
1045,2672654229,2672660726,6497
1029,2672662390,2672819671,157281
1046,2672821431,2672825975,4544
1063,2672827479,2672911480,84001
1045,2672913016,2672919256,6240
1029,2672920664,2672957881,37217
1059,2672959353,2672964537,5184
1088,2672966169,2672976889,10720
1044,2672978585,2673063642,85057
1063,2673065466,2673094650,29184
1045,2673096186,2673102618,6432
1029,2673104282,2673266396,162114
1046,2673267900,2673272604,4704
1063,2673274300,2673357501,83201
1045,2673358877,2673365277,6400
1029,2673366589,2673403517,36928
1059,2673404957,2673410014,5057
1088,2673411422,2673422238,10816
1044,2673423582,2673508863,85281
1063,2673510367,2673539967,29600
1045,2673541439,2673547807,6368
1029,2673549471,2673698881,149410
1046,2673700545,2673705153,4608
1063,2673706625,2673788514,81889
1045,2673790210,2673796546,6336
1029,2673797954,2673835266,37312
1059,2673836674,2673841634,4960
1088,2673843042,2673853634,10592
1044,2673855074,2673940099,85025
1063,2673941667,2673971396,29729
1045,2673972964,2673979236,6272
1029,2673980708,2674141286,160578
1046,2674142981,2674147397,4416
1063,2674148742,2674232198,83456
1045,2674233863,2674240198,6335
1029,2674241543,2674277863,36320
1059,2674279911,2674285063,5152
1088,2674286663,2674297383,10720
1044,2674298727,2674383176,84449
1063,2674384840,2674414856,30016
1045,2674416168,2674422409,6241
1029,2674424041,2674586730,162689
1046,2674588426,2674592810,4384
1063,2674594538,2674678123,83585
1047,2674679595,2674685035,5440
1028,2674686667,2674693228,6561
1029,2674694860,2675316882,622022
1030,2675318610,2675328466,9856
1073,2675356530,2675363763,7233
1075,2675397555,2675573397,175842
1077,2675575125,2675715990,140865
1079,2675717686,2675764343,46657
1081,2675765847,2675772855,7008
1083,2675792791,2675796215,3424
1085,2675814392,2675818007,3615
1053,2675949049,2675951993,2944
1042,2676088506,2676110267,21761
1092,2676111930,2676161467,49537
1059,2676187388,2676192091,4703
1088,2676193499,2676203324,9825
1044,2676204859,2676267324,62465
1092,2676269020,2676302301,33281
1045,2676303645,2676310237,6592
1092,2676311741,2676475646,163905
1046,2676477118,2676481663,4545
1092,2676483326,2676584896,101570
1045,2676586304,2676593088,6784
1092,2676594688,2676637536,42848
1059,2676638944,2676644000,5056
1088,2676645344,2676654944,9600
1044,2676656353,2676718689,62336
1092,2676720129,2676752961,32832
1045,2676754690,2676760801,6111
1092,2676762434,2676926947,164513
1046,2676928611,2676933155,4544
1092,2676934628,2677037253,102625
1045,2677038693,2677045125,6432
1092,2677046565,2677089413,42848
1059,2677090917,2677096069,5152
1088,2677097765,2677107461,9696
1044,2677109158,2677171942,62784
1092,2677173702,2677207015,33313
1045,2677208455,2677214726,6271
1092,2677216166,2677380424,164258
1046,2677382056,2677386472,4416
1092,2677388104,2677489610,101506
1045,2677491273,2677497641,6368
1092,2677499050,2677541706,42656
1059,2677543114,2677548074,4960
1088,2677549834,2677559594,9760
1044,2677561258,2677623467,62209
1092,2677625003,2677658539,33536
1045,2677659979,2677666283,6304
1092,2677667691,2677831885,164194
1046,2677833229,2677838029,4800
1092,2677839789,2677939438,99649
1045,2677941166,2677947726,6560
1092,2677949230,2677991535,42305
1059,2677992911,2677997871,4960
1088,2677999407,2678009039,9632
1044,2678010351,2678073136,62785
1092,2678074512,2678107184,32672
1045,2678108528,2678114864,6336
1092,2678116272,2678280818,164546
1046,2678282258,2678286834,4576
1092,2678288210,2678387955,99745
1045,2678389427,2678396147,6720
1092,2678397491,2678440084,42593
1059,2678441747,2678446900,5153
1088,2678448532,2678458292,9760
1044,2678459636,2678522485,62849
1092,2678523988,2678556917,32929
1045,2678558357,2678564725,6368
1092,2678566421,2678730743,164322
1046,2678732439,2678736951,4512
1092,2678738583,2678841176,102593
1045,2678842808,2678849176,6368
1092,2678850584,2678893592,43008
1059,2678894969,2678899961,4992
1088,2678901432,2678911353,9921
1044,2678912760,2678974905,62145
1092,2678976473,2679009210,32737
1045,2679010938,2679017210,6272
1092,2679018586,2679182812,164226
1046,2679184252,2679188732,4480
1092,2679190364,2679292381,102017
1045,2679293661,2679300189,6528
1092,2679301725,2679344189,42464
1059,2679345725,2679350653,4928
1088,2679352061,2679362014,9953
1044,2679363454,2679426430,62976
1092,2679428030,2679460639,32609
1045,2679461919,2679468383,6464
1092,2679469759,2679634016,164257
1046,2679635488,2679639969,4481
1092,2679641664,2679746114,104450
1045,2679747489,2679753858,6369
1092,2679755202,2679797698,42496
1059,2679799042,2679804162,5120
1088,2679805698,2679815394,9696
1044,2679817090,2679879459,62369
1092,2679880963,2679914051,33088
1045,2679915396,2679921924,6528
1092,2679923651,2680087589,163938
1046,2680088997,2680093509,4512
1092,2680095206,2680196455,101249
1045,2680197863,2680204454,6591
1092,2680205894,2680248583,42689
1059,2680249959,2680255079,5120
1088,2680256775,2680266503,9728
1044,2680268199,2680330760,62561
1092,2680332360,2680365288,32928
1045,2680366856,2680373256,6400
1092,2680374664,2680538858,164194
1046,2680540266,2680544778,4512
1092,2680546250,2680649451,103201
1045,2680651115,2680657419,6304
1092,2680658859,2680701356,42497
1059,2680702860,2680707980,5120
1088,2680709740,2680719820,10080
1044,2680721484,2680783725,62241
1092,2680785485,2680818413,32928
1045,2680820077,2680826541,6464
1092,2680828237,2680992495,164258
1046,2680993839,2680998511,4672
1092,2680999887,2681103664,103777
1045,2681105360,2681111824,6464
1092,2681113520,2681155953,42433
1059,2681157297,2681162289,4992
1088,2681163697,2681173361,9664
1044,2681174673,2681237458,62785
1092,2681238866,2681272146,33280
1045,2681273554,2681279698,6144
1092,2681281042,2681445364,164322
1046,2681446740,2681451188,4448
1092,2681452596,2681564437,111841
1045,2681565909,2681572213,6304
1092,2681573621,2681616342,42721
1059,2681618006,2681622966,4960
1088,2681624374,2681634102,9728
1044,2681635766,2681698423,62657
1092,2681699894,2681733015,33121
1045,2681734359,2681740823,6464
1092,2681742551,2681906265,163714
1046,2681907865,2681912377,4512
1092,2681913913,2682017274,103361
1045,2682019354,2682025818,6464
1092,2682027258,2682069787,42529
1059,2682071227,2682076155,4928
1088,2682077595,2682087451,9856
1044,2682088923,2682151836,62913
1092,2682153596,2682186812,33216
1045,2682188380,2682194716,6336
1092,2682196156,2682360382,164226
1046,2682362078,2682366526,4448
1092,2682368190,2682469023,100833
1045,2682470495,2682477119,6624
1092,2682478559,2682520927,42368
1059,2682522592,2682527712,5120
1088,2682529407,2682539200,9793
1044,2682540736,2682603552,62816
1092,2682605312,2682638400,33088
1045,2682639745,2682646209,6464
1092,2682647905,2682812322,164417
1046,2682813762,2682818595,4833
1092,2682820227,2682920964,100737
1045,2682922628,2682929092,6464
1092,2682930820,2682973316,42496
1059,2682974788,2682980036,5248
1088,2682981540,2682991460,9920
1044,2682992900,2683055493,62593
1092,2683057189,2683090214,33025
1045,2683091622,2683098022,6400
1092,2683099750,2683263975,164225
1046,2683265575,2683270087,4512
1092,2683271752,2683373449,101697
1045,2683374889,2683381385,6496
1092,2683382920,2683425449,42529
1059,2683426985,2683431945,4960
1088,2683433353,2683443081,9728
1044,2683444393,2683507498,63105
1092,2683508938,2683541898,32960
1045,2683543562,2683549899,6337
1092,2683551339,2683715948,164609
1046,2683718124,2683722796,4672
1092,2683724140,2683826094,101954
1045,2683827629,2683834029,6400
1092,2683835405,2683877902,42497
1059,2683879214,2683884174,4960
1088,2683885582,2683895694,10112
1044,2683897006,2683959951,62945
1092,2683961423,2683994767,33344
1045,2683996303,2684002927,6624
1092,2684004463,2684169009,164546
1046,2684170417,2684174961,4544
1092,2684176465,2684280882,104417
1045,2684282546,2684289266,6720
1092,2684290610,2684332627,42017
1059,2684334291,2684339251,4960
1088,2684340723,2684350451,9728
1044,2684352115,2684414675,62560
1092,2684416436,2684449396,32960
1045,2684450708,2684457076,6368
1092,2684458420,2684622742,164322
1046,2684624118,2684628982,4864
1092,2684630614,2684733207,102593
1045,2684734839,2684741335,6496
1092,2684742999,2684785592,42593
1059,2684787128,2684792344,5216
1088,2684793848,2684803608,9760
1044,2684805304,2684868057,62753
1092,2684869592,2684902169,32577
1045,2684903833,2684910425,6592
1092,2684911897,2685076315,164418
1046,2685077947,2685082427,4480
1092,2685084123,2685187420,103297
1045,2685189116,2685195516,6400
1092,2685197276,2685239933,42657
1059,2685241469,2685246877,5408
1088,2685248573,2685258269,9696
1044,2685259581,2685321694,62113
1092,2685323197,2685356030,32833
1045,2685357374,2685363806,6432
1092,2685365534,2685529824,164290
1046,2685531264,2685536064,4800
1092,2685537728,2685639041,101313
1045,2685640513,2685646881,6368
1092,2685648481,2685691201,42720
1059,2685692610,2685697570,4960
1088,2685699010,2685708994,9984
1044,2685710338,2685772866,62528
1092,2685774434,2685807747,33313
1045,2685809539,2685815939,6400
1092,2685817315,2685981668,164353
1046,2685983365,2685987909,4544
1092,2685989413,2686091462,102049
1045,2686092902,2686099366,6464
1092,2686101062,2686143718,42656
1059,2686145382,2686150406,5024
1088,2686151782,2686161478,9696
1044,2686163238,2686225863,62625
1092,2686227399,2686260232,32833
1045,2686261703,2686267911,6208
1092,2686269384,2686433833,164449
1046,2686435081,2686439690,4609
1092,2686441290,2686544427,103137
1045,2686546090,2686552523,6433
1092,2686554283,2686597067,42784
1059,2686598571,2686603723,5152
1088,2686605291,2686615115,9824
1044,2686616619,2686680108,63489
1092,2686681516,2686714765,33249
1045,2686716396,2686722765,6369
1092,2686724140,2686888366,164226
1046,2686889838,2686894382,4544
1092,2686895726,2686997360,101634
1045,2686998800,2687005423,6623
1092,2687006863,2687049264,42401
1059,2687050640,2687055600,4960
1088,2687057040,2687066768,9728
1044,2687068080,2687131345,63265
1092,2687133105,2687166481,33376
1045,2687167953,2687174385,6432
1092,2687176145,2687340467,164322
1046,2687341907,2687346483,4576
1092,2687347987,2687453108,105121
1045,2687455092,2687461492,6400
1092,2687463220,2687505749,42529
1059,2687507381,2687512469,5088
1088,2687513781,2687523541,9760
1044,2687525237,2687588534,63297
1092,2687589974,2687623222,33248
1045,2687624726,2687631062,6336
1092,2687632758,2687796600,163842
1046,2687798008,2687802392,4384
1092,2687803672,2687908281,104609
1045,2687909593,2687915993,6400
1092,2687917689,2687960122,42433
1059,2687961434,2687966586,5152
1088,2687968282,2687978234,9952
1044,2687979610,2688042298,62688
1092,2688043739,2688076667,32928
1045,2688078363,2688084635,6272
1092,2688086075,2688250877,164802
1046,2688252285,2688256925,4640
1092,2688258333,2688364830,106497
1045,2688366270,2688372702,6432
1092,2688374270,2688416702,42432
1059,2688418111,2688423295,5184
1088,2688424895,2688434687,9792
1044,2688436287,2688498848,62561
1092,2688500351,2688533120,32769
1045,2688534688,2688541024,6336
1092,2688542400,2688706434,164034
1046,2688708002,2688712514,4512
1092,2688714178,2688817603,103425
1045,2688818979,2688825603,6624
1092,2688827011,2688869156,42145
1059,2688870819,2688876004,5185
1088,2688877636,2688887748,10112
1044,2688889444,2688952068,62624
1092,2688953605,2688987013,33408
1045,2688988709,2688995205,6496
1092,2688996869,2689160935,164066
1046,2689162662,2689167047,4385
1092,2689168775,2689268616,99841
1045,2689270696,2689277064,6368
1092,2689278408,2689321032,42624
1059,2689322376,2689327336,4960
1088,2689328776,2689338665,9889
1044,2689340265,2689402601,62336
1092,2689404425,2689437642,33217
1045,2689439146,2689445577,6431
1092,2689447242,2689611371,164129
1046,2689612747,2689617452,4705
1092,2689619179,2689723181,104002
1045,2689724781,2689731053,6272
1092,2689732461,2689775053,42592
1059,2689776685,2689781677,4992
1088,2689783149,2689792941,9792
1044,2689794317,2689856622,62305
1092,2689858350,2689891278,32928
1045,2689892974,2689899279,6305
1092,2689900654,2690065424,164770
1046,2690066736,2690071312,4576
1092,2690072881,2690174161,101280
1045,2690175761,2690182258,6497
1092,2690183922,2690226418,42496
1059,2690228882,2690233842,4960
1088,2690235250,2690245074,9824
1044,2690246738,2690309427,62689
1092,2690310771,2690344659,33888
1045,2690346259,2690352916,6657
1092,2690354324,2690518517,164193
1046,2690519957,2690524501,4544
1092,2690526261,2690628086,101825
1047,2690629526,2690634806,5280
1028,2690636214,2690643031,6817
1029,2690644727,2691263549,618822
1030,2691265437,2691272573,7136
1073,2691294910,2691300413,5503
1075,2691328478,2691500576,172098
1077,2691502240,2691638177,135937
1079,2691639969,2691686562,46593
1081,2691688354,2691695202,6848
1083,2691715138,2691718594,3456
1085,2691736738,2691740226,3488
1053,2691876964,2691879940,2976
1042,2692022533,2692044102,21569
1094,2692045670,2692085446,39776
1059,2692140711,2692145415,4704
1088,2692146983,2692155527,8544
1044,2692157095,2692197511,40416
1094,2692199143,2692223751,24608
1045,2692225256,2692231656,6400
1094,2692233384,2692365769,132385
1046,2692367113,2692371561,4448
1094,2692373289,2692444330,71041
1045,2692445674,2692452586,6912
1094,2692454122,2692489866,35744
1059,2692491562,2692496715,5153
1088,2692498378,2692506730,8352
1044,2692508138,2692549195,41057
1094,2692550603,2692576011,25408
1045,2692577291,2692583756,6465
1094,2692585451,2692736429,150978
1046,2692738125,2692742509,4384
1094,2692743981,2692824526,80545
1045,2692826126,2692832910,6784
1094,2692834574,2692872366,37792
1059,2692873806,2692878927,5121
1088,2692880462,2692888847,8385
1044,2692890319,2692930511,40192
1094,2692931983,2692957775,25792
1045,2692959503,2692966031,6528
1094,2692967503,2693118993,151490
1046,2693120657,2693125105,4448
1094,2693126801,2693199122,72321
1045,2693200498,2693207410,6912
1094,2693209042,2693243187,34145
1059,2693244595,2693249587,4992
1088,2693251027,2693259315,8288
1044,2693260723,2693300755,40032
1094,2693302515,2693327283,24768
1045,2693328756,2693335284,6528
1094,2693336627,2693480597,143970
1046,2693482133,2693486773,4640
1094,2693488213,2693568982,80769
1045,2693570326,2693576950,6624
1094,2693578454,2693614006,35552
1059,2693615671,2693620726,5055
1088,2693622486,2693630807,8321
1044,2693632439,2693672215,39776
1094,2693673751,2693698712,24961
1045,2693700343,2693706840,6497
1094,2693708471,2693860729,152258
1046,2693862361,2693866873,4512
1094,2693868505,2693944762,76257
1045,2693946394,2693952986,6592
1094,2693954458,2693991547,37089
1059,2693992987,2693997947,4960
1088,2693999386,2694008026,8640
1044,2694009466,2694049403,39937
1094,2694050875,2694075483,24608
1045,2694077147,2694083611,6464
1094,2694085084,2694227997,142913
1046,2694229437,2694233949,4512
1094,2694235581,2694311838,76257
1045,2694313214,2694320030,6816
1094,2694321694,2694358014,36320
1059,2694359614,2694364671,5057
1088,2694365982,2694374399,8417
1044,2694375742,2694416767,41025
1094,2694418527,2694443135,24608
1045,2694444512,2694451200,6688
1094,2694452927,2694602081,149154
1046,2694603457,2694607937,4480
1094,2694609569,2694687810,78241
1045,2694689122,2694695778,6656
1094,2694697474,2694733762,36288
1059,2694735138,2694740067,4929
1088,2694741538,2694750051,8513
1044,2694751523,2694790947,39424
1094,2694792739,2694819716,26977
1045,2694821027,2694827556,6529
1094,2694829124,2694977157,148033
1046,2694978469,2694983077,4608
1094,2694984517,2695060134,75617
1045,2695061446,2695067846,6400
1094,2695069254,2695104262,35008
1059,2695105671,2695110631,4960
1088,2695112071,2695120327,8256
1044,2695121991,2695162279,40288
1094,2695163687,2695188487,24800
1045,2695189767,2695196391,6624
1094,2695198087,2695347753,149666
1046,2695349385,2695353865,4480
1094,2695355593,2695433546,77953
1045,2695434986,2695441642,6656
1094,2695443306,2695476907,33601
1059,2695478315,2695483307,4992
1088,2695484650,2695493418,8768
1044,2695495115,2695535787,40672
1094,2695537483,2695565356,27873
1045,2695566699,2695573227,6528
1094,2695574924,2695720365,145441
1046,2695721869,2695726381,4512
1094,2695728077,2695806734,78657
1045,2695808110,2695814926,6816
1094,2695816526,2695851438,34912
1059,2695853006,2695857966,4960
1088,2695859662,2695868047,8385
1044,2695869391,2695909615,40224
1094,2695911375,2695936079,24704
1045,2695937455,2695943920,6465
1094,2695945583,2696093521,147938
1046,2696094993,2696099345,4352
1094,2696100785,2696179282,78497
1045,2696180850,2696187634,6784
1094,2696188946,2696227667,38721
1059,2696229330,2696234418,5088
1088,2696236178,2696244786,8608
1044,2696246195,2696286355,40160
1094,2696288083,2696313747,25664
1045,2696315411,2696322035,6624
1094,2696323539,2696469269,145730
1046,2696470869,2696475189,4320
1094,2696476821,2696555542,78721
1045,2696556950,2696563638,6688
1094,2696565046,2696599926,34880
1059,2696601431,2696606391,4960
1088,2696607831,2696616503,8672
1044,2696617847,2696657623,39776
1094,2696659063,2696684311,25248
1045,2696685623,2696691991,6368
1094,2696693335,2696839065,145730
1046,2696840697,2696845177,4480
1094,2696846841,2696922490,75649
1045,2696924122,2696930682,6560
1094,2696932218,2696967738,35520
1059,2696969115,2696974235,5120
1088,2696975770,2696984346,8576
1044,2696985819,2697025723,39904
1094,2697027131,2697052379,25248
1045,2697053659,2697060091,6432
1094,2697061851,2697210941,149090
1046,2697212669,2697217277,4608
1094,2697218909,2697297630,78721
1045,2697299326,2697305758,6432
1094,2697307454,2697342974,35520
1059,2697344351,2697349311,4960
1088,2697350719,2697359327,8608
1044,2697360799,2697402623,41824
1094,2697404095,2697429439,25344
1045,2697430783,2697437343,6560
1094,2697438783,2697585601,146818
1046,2697587201,2697591649,4448
1094,2697593025,2697668066,75041
1045,2697669474,2697675874,6400
1094,2697677314,2697712930,35616
1059,2697714595,2697719523,4928
1088,2697721058,2697729538,8480
1044,2697731043,2697770627,39584
1094,2697772419,2697797699,25280
1045,2697799171,2697805987,6816
1094,2697807396,2697955237,147841
1046,2697957285,2697961765,4480
1094,2697963109,2698042118,79009
1045,2698043430,2698050150,6720
1094,2698051558,2698089351,37793
1059,2698090726,2698095654,4928
1088,2698097094,2698105447,8353
1044,2698106790,2698146951,40161
1094,2698148455,2698173063,24608
1045,2698174471,2698180935,6464
1094,2698182600,2698331369,148769
1046,2698332713,2698337193,4480
1094,2698338921,2698417962,79041
1045,2698419306,2698425962,6656
1094,2698427402,2698463818,36416
1059,2698465450,2698470411,4961
1088,2698471818,2698480395,8577
1044,2698481803,2698521675,39872
1094,2698523147,2698548491,25344
1045,2698549836,2698556395,6559
1094,2698557932,2698703853,145921
1046,2698705389,2698709965,4576
1094,2698711405,2698788462,77057
1045,2698789838,2698796398,6560
1094,2698797902,2698833999,36097
1059,2698835631,2698840591,4960
1088,2698841967,2698850702,8735
1044,2698852047,2698892783,40736
1094,2698894383,2698919215,24832
1045,2698920911,2698927311,6400
1094,2698929008,2699074321,145313
1046,2699075793,2699080305,4512
1094,2699081937,2699158386,76449
1045,2699160562,2699167282,6720
1094,2699168594,2699205555,36961
1059,2699207027,2699211955,4928
1088,2699213458,2699221843,8385
1044,2699223571,2699263507,39936
1094,2699265171,2699289907,24736
1045,2699291411,2699298227,6816
1094,2699299924,2699447893,147969
1046,2699449557,2699454101,4544
1094,2699455733,2699533654,77921
1045,2699535030,2699541686,6656
1094,2699543094,2699579191,36097
1059,2699580502,2699585559,5057
1088,2699587287,2699595575,8288
1044,2699596983,2699637463,40480
1094,2699639031,2699666551,27520
1045,2699667895,2699674423,6528
1094,2699675928,2699824537,148609
1046,2699825849,2699830361,4512
1094,2699832057,2699908538,76481
1045,2699909946,2699916666,6720
1094,2699918458,2699954426,35968
1059,2699955835,2699960858,5023
1088,2699962586,2699970971,8385
1044,2699972635,2700013467,40832
1094,2700015163,2700040347,25184
1045,2700041819,2700048412,6593
1094,2700050012,2700197021,147009
1046,2700198365,2700202877,4512
1094,2700204445,2700280126,75681
1045,2700281470,2700288286,6816
1094,2700289950,2700325342,35392
1059,2700326846,2700331774,4928
1088,2700333247,2700341599,8352
1044,2700342943,2700382687,39744
1094,2700384127,2700412031,27904
1045,2700413407,2700419968,6561
1094,2700421471,2700568385,146914
1046,2700570081,2700574433,4352
1094,2700575777,2700652994,77217
1045,2700654626,2700661186,6560
1094,2700662658,2700701315,38657
1059,2700702690,2700707618,4928
1088,2700709123,2700717667,8544
1044,2700719139,2700758723,39584
1094,2700760195,2700785987,25792
1045,2700787395,2700793955,6560
1094,2700795395,2700943493,148098
1046,2700945093,2700949573,4480
1094,2700951269,2701027750,76481
1045,2701029414,2701036102,6688
1094,2701037542,2701073542,36000
1059,2701074951,2701079910,4959
1088,2701081350,2701090023,8673
1044,2701091719,2701132423,40704
1094,2701134183,2701159015,24832
1045,2701160680,2701167208,6528
1094,2701168711,2701313001,144290
1046,2701315017,2701319689,4672
1094,2701321129,2701396650,75521
1045,2701398186,2701404778,6592
1094,2701406474,2701442826,36352
1059,2701444362,2701449578,5216
1088,2701451018,2701459563,8545
1044,2701461066,2701501163,40097
1094,2701502955,2701530476,27521
1045,2701532107,2701538475,6368
1094,2701540364,2701689389,149025
1046,2701690765,2701695117,4352
1094,2701696493,2701773774,77281
1045,2701775310,2701781838,6528
1094,2701783534,2701817742,34208
1059,2701819919,2701824974,5055
1088,2701826319,2701834895,8576
1044,2701836367,2701876239,39872
1094,2701877615,2701902223,24608
1045,2701903920,2701910383,6463
1094,2701911920,2702062289,150369
1046,2702063633,2702067985,4352
1094,2702069329,2702147410,78081
1045,2702149042,2702155602,6560
1094,2702157010,2702192786,35776
1059,2702194066,2702198995,4929
1088,2702200498,2702209043,8545
1044,2702210514,2702251187,40673
1094,2702253011,2702277747,24736
1045,2702279187,2702285235,6048
1094,2702286932,2702428821,141889
1046,2702430197,2702434645,4448
1094,2702436309,2702517558,81249
1045,2702518998,2702525398,6400
1094,2702526774,2702564854,38080
1059,2702566391,2702571702,5311
1088,2702573110,2702581463,8353
1044,2702582807,2702623799,40992
1094,2702625207,2702650487,25280
1045,2702652120,2702658551,6431
1094,2702660248,2702806713,146465
1046,2702808025,2702812601,4576
1094,2702814137,2702894234,80097
1045,2702895930,2702902970,7040
1094,2702904346,2702939803,35457
1059,2702941243,2702946331,5088
1088,2702948026,2702956474,8448
1044,2702957851,2702998459,40608
1094,2702999963,2703025275,25312
1045,2703026619,2703033147,6528
1094,2703034875,2703179485,144610
1046,2703181181,2703185565,4384
1094,2703186941,2703264702,77761
1045,2703266142,2703272638,6496
1094,2703274206,2703309406,35200
1059,2703310911,2703315999,5088
1088,2703317727,2703326399,8672
1044,2703327743,2703368127,40384
1094,2703369599,2703394911,25312
1045,2703396287,2703402879,6592
1094,2703404319,2703552161,147842
1046,2703553537,2703557953,4416
1094,2703559617,2703638050,78433
1045,2703639490,2703645890,6400
1094,2703647234,2703682755,35521
1059,2703684195,2703689123,4928
1088,2703690658,2703699107,8449
1044,2703700674,2703740067,39393
1094,2703741859,2703767651,25792
1045,2703769187,2703775684,6497
1094,2703777379,2703925797,148418
1046,2703927237,2703931653,4416
1094,2703932997,2704009094,76097
1047,2704010758,2704016070,5312
1028,2704017510,2704024198,6688
1029,2704025574,2704648301,622727
1030,2704650093,2704655021,4928
1073,2704688333,2704693165,4832
1075,2704729326,2704900528,171202
1077,2704902256,2705039537,137281
1079,2705041297,2705086897,45600
1081,2705088657,2705095474,6817
1083,2705115346,2705118834,3488
1085,2705137234,2705140754,3520
